,Result: # Ballots,Result: Median OP,Result: Received OP,Meta: Project Name,Funding: Governance Fund,Funding: Other,Funding: Partner Fund,Funding: RPGF1,Funding: RPGF2,Funding: Revenue,OSO: # GitHub Repos,OSO: Date First Commit,OSO: Total Stars,OSO: Total Forks,OSO: Total Contributors,OSO: Contributors Last 6 Months,OSO: Avg Monthly Active Devs Last 6 Months,OSO: # OP Contracts,OSO: Date First Txn,OSO: Total Onchain Users,OSO: Onchain Users Last 6 Months,OSO: Total Txns,OSO: Total Txn Fees (ETH),OSO: Txn Fees Last 6 Months (ETH),OSO: # NPM Packages,OSO: Date First Download,OSO: Total Downloads,OSO: Downloads Last 6 Months,OSO: Has Profile
0,95,668000.0,663853.62,Protocol Guild,0,1,0,0,1,0,275.0,2013-12-19,43809.0,18669.0,16072.0,1356.0,45.833333333333336,0.0,,0.0,0.0,,,,0.0,,,,1
1,101,500000.0,496896.42,go-ethereum,0,0,0,0,1,0,1.0,2013-12-26,43809.0,18669.0,4961.0,354.0,1.5,0.0,,0.0,0.0,,,,0.0,,,,1
2,109,425000.0,422361.96,Solidity,0,1,0,1,1,0,1.0,2014-01-03,21055.0,5504.0,1834.0,108.0,2.6666666666666665,0.0,,0.0,0.0,,,,0.0,,,,1
3,92,341666.5,339545.72,Erigon,0,0,0,0,1,0,14.0,2013-03-26,2609.0,814.0,978.0,181.0,5.333333333333333,0.0,,0.0,0.0,,,,0.0,,,,1
4,107,300000.0,298137.85,ethers.js,0,0,0,1,1,0,29.0,2016-05-03,7095.0,1714.0,1799.0,161.0,1.1666666666666667,0.0,,0.0,0.0,,,,1.0,2017-04-05,115250426.0,27880694.0,1
7,101,282000.0,280249.58,Hardhat,0,0,0,0,0,0,2.0,2018-05-25,6250.0,1254.0,1436.0,168.0,4.166666666666667,0.0,,0.0,0.0,,,,2.0,2015-02-27,24162682.0,7590838.0,1
9,90,255434.5,253848.98,ETHGlobal,0,0,0,1,1,0,8.0,2018-09-18,8.0,6.0,33.0,4.0,0.0,0.0,,0.0,0.0,,,,0.0,,,,1
10,97,250000.0,248448.21,Vyper,0,0,0,0,1,0,10.0,2016-11-11,4662.0,831.0,446.0,30.0,1.5,0.0,,0.0,0.0,,,,0.0,,,,1
11,93,250000.0,248448.21,DefiLlama,1,1,0,0,1,0,45.0,2020-11-14,696.0,3560.0,2955.0,821.0,14.0,10.0,2022-04-26,37463.0,29613.0,140685.0,0.2389358917192943,0.2366777147556025,0.0,,,,1
12,93,250000.0,248448.21,OpenZeppelin Contracts,0,0,0,0,1,0,93.0,2015-07-10,23083.0,11633.0,2271.0,193.0,7.5,0.0,,0.0,0.0,,,,10.0,2019-07-26,46352292.0,16588791.0,1
14,90,250000.0,248448.21,Web3js,0,1,0,0,0,0,6.0,2014-10-22,17967.0,4966.0,1971.0,128.0,0.1666666666666666,0.0,,0.0,0.0,,,,1.0,2015-04-07,87175055.0,14028283.0,1
15,87,250000.0,248448.21,Dappnode,1,0,0,0,0,0,180.0,2015-12-14,540.0,101.0,398.0,57.0,6.166666666666667,0.0,,0.0,0.0,,,,0.0,,,,1
16,85,250000.0,248448.21,Account Abstraction - ERC-4337,0,1,0,0,1,0,1.0,2021-07-25,1131.0,462.0,94.0,32.0,0.3333333333333333,1.0,2023-04-22,309.0,308.0,381459.0,19.498027954601216,19.498026700431215,0.0,,,,1
19,88,229024.5,227602.91,üè∞ BuidlGuidl,0,0,0,0,1,0,63.0,2018-08-14,8906.0,4077.0,297.0,105.0,3.6666666666666665,0.0,,0.0,0.0,,,,0.0,,,,1
20,77,227272.0,225861.29,IPFS,0,1,0,0,0,0,546.0,2013-12-04,22308.0,3078.0,4496.0,384.0,19.666666666666668,0.0,,0.0,0.0,,,,0.0,,,,1
21,94,225000.0,223603.39,beaconcha.in,0,1,0,0,1,1,4.0,2019-11-25,683.0,412.0,349.0,64.0,6.333333333333333,0.0,,0.0,0.0,,,,0.0,,,,1
22,93,221130.22,219757.63,Ethereum Attestation Service,1,0,0,0,0,0,9.0,2020-10-03,144.0,24.0,48.0,36.0,2.0,2.0,2023-07-28,8378.0,8378.0,16492.0,0.4066812536822307,0.4066812536822307,0.0,,,,1
24,99,200000.0,198758.57,L2BEAT üíó,1,1,0,0,1,0,10.0,2020-05-05,383.0,232.0,197.0,69.0,5.833333333333333,0.0,,0.0,0.0,,,,0.0,,,,1
25,89,200000.0,198758.57,revm,0,0,0,0,0,0,1.0,2021-10-26,,,108.0,53.0,1.0,0.0,,0.0,0.0,,,,0.0,,,,1
26,88,200000.0,198758.57,Wagmi / Viem,0,1,0,0,1,0,11.0,2021-11-23,,,1067.0,474.0,2.5,0.0,,0.0,0.0,,,,7.0,2021-11-04,29557191.0,19013062.0,1
27,87,200000.0,198758.57,Blockscout Block Explorer,1,0,0,0,1,0,18.0,2018-01-16,2752.0,1837.0,2118.0,352.0,12.166666666666666,0.0,,0.0,0.0,,,,0.0,,,,1
30,77,200000.0,198758.57,Sourcify,0,1,0,0,1,0,13.0,2019-04-24,649.0,339.0,176.0,50.0,4.166666666666667,0.0,,0.0,0.0,,,,0.0,,,,1
32,68,196500.0,195280.29,Lattice (OPCraft & MUD),0,1,0,0,1,0,20.0,2021-09-04,528.0,129.0,122.0,63.0,3.6666666666666665,0.0,,0.0,0.0,,,,0.0,,,,1
33,78,177500.0,176398.23,Gitcoin,0,0,0,1,1,1,,,,,,,,,,,,,,,,,,,0
34,99,171429.0,170364.91,Otterscan,0,1,0,0,1,0,6.0,2021-07-01,1028.0,141.0,41.0,13.0,2.1666666666666665,0.0,,0.0,0.0,,,,0.0,,,,1
36,93,150000.0,149068.93,rotki,1,1,0,1,1,0,19.0,2017-05-09,2361.0,445.0,460.0,51.0,7.666666666666667,0.0,,0.0,0.0,,,,0.0,,,,1
38,78,150000.0,149068.93,Giveth,1,1,0,1,1,0,108.0,2014-08-07,650.0,305.0,366.0,42.0,8.5,0.0,,0.0,0.0,,,,0.0,,,,1
41,70,137500.0,136646.52,TrueBlocks / Unchained Index,0,1,0,0,1,0,31.0,2016-08-14,962.0,179.0,175.0,22.0,2.0,0.0,,0.0,0.0,,,,0.0,,,,1
43,53,130000.0,129193.07,Immunefi,1,0,0,0,0,0,,,,,,,,,,,,,,,,,,,0
44,63,128713.0,127914.06,Open Source Observer,1,1,0,0,0,0,4.0,2023-07-28,9.0,1.0,5.0,5.0,1.3333333333333333,0.0,,0.0,0.0,,,,1.0,2023-08-08,6477.0,6477.0,1
45,75,125000.0,124224.11,Ethereum Cat Herders,0,1,0,0,0,0,13.0,2015-10-27,12091.0,5179.0,1371.0,251.0,1.1666666666666667,0.0,,0.0,0.0,,,,0.0,,,,1
46,62,125000.0,124224.11,Department of Decentralization,0,1,0,0,1,0,2.0,2018-09-07,,,159.0,65.0,0.1666666666666666,0.0,,0.0,0.0,,,,0.0,,,,1
47,55,125000.0,124224.11,TypeChain / DethCode,0,0,0,0,1,0,2.0,2017-08-27,2634.0,347.0,352.0,24.0,0.0,0.0,,0.0,0.0,,,,1.0,2017-09-02,21961507.0,7221914.0,1
48,79,124313.0,123541.37,Frame,0,0,0,1,1,0,1.0,2018-03-09,955.0,137.0,199.0,29.0,0.3333333333333333,0.0,,0.0,0.0,,,,0.0,,,,1
49,68,122500.0,121739.62,Slither,0,0,0,0,1,0,1.0,2018-09-05,4599.0,860.0,512.0,76.0,2.5,0.0,,0.0,0.0,,,,0.0,,,,1
51,57,114999.0,114285.18,Small Brain Games,0,0,0,0,1,1,10.0,2022-11-16,56.0,3.0,14.0,10.0,1.5,0.0,,0.0,0.0,,,,0.0,,,,1
52,57,110000.0,109317.21,CharmVerse,0,0,0,0,0,0,2.0,2022-01-05,,,19.0,10.0,6.666666666666667,0.0,,0.0,0.0,,,,0.0,,,,1
53,51,105000.0,104348.25,Aerodrome Finance,0,0,0,0,0,0,1.0,2023-04-15,,,8.0,8.0,0.3333333333333333,0.0,,0.0,0.0,,,,0.0,,,,1
54,46,100500.0,99876.18,Kwenta,0,0,0,0,0,1,22.0,2020-08-18,116.0,132.0,106.0,32.0,6.5,42.0,2022-02-27,131345.0,10010.0,549808.0,16.12604643257164,16.051195221974428,0.0,,,,1
56,72,100000.0,99379.28,Vectorized,0,0,0,0,1,0,1.0,2022-07-16,1695.0,219.0,60.0,30.0,1.0,0.0,,0.0,0.0,,,,1.0,2022-07-16,71386.0,46793.0,1
57,70,100000.0,99379.28,CryptoZombies,0,0,0,0,1,0,3.0,2017-12-07,2192.0,1032.0,450.0,9.0,0.0,0.0,,0.0,0.0,,,,0.0,,,,1
58,67,100000.0,99379.28,Kernel,0,0,0,0,1,0,16.0,2019-01-19,71.0,48.0,146.0,7.0,0.6666666666666666,0.0,,0.0,0.0,,,,0.0,,,,1
60,63,100000.0,99379.28,ApeWorX LTD,0,0,0,0,0,0,3.0,2021-01-05,733.0,106.0,97.0,30.0,1.0,1.0,2023-08-18,3.0,3.0,18.0,5.405776970141701e-05,5.405776970141701e-05,0.0,,,,1
62,61,100000.0,99379.28,Ronan Sandford,0,0,0,1,1,0,5.0,2020-03-24,1092.0,244.0,282.0,30.0,0.8333333333333334,0.0,,0.0,0.0,,,,1.0,2020-10-20,4696990.0,1770833.0,1
63,61,100000.0,99379.28,P256Verifier,0,0,0,0,0,0,2.0,2023-02-27,,,9.0,8.0,1.6666666666666667,0.0,,0.0,0.0,,,,0.0,,,,1
64,60,100000.0,99379.28,EthernautDAO,0,1,0,1,1,0,12.0,2021-07-15,138.0,23.0,30.0,2.0,1.5,0.0,,0.0,0.0,,,,0.0,,,,1
65,60,100000.0,99379.28,Gitcoin Passport,0,0,0,0,0,1,102.0,2015-10-16,1743.0,875.0,1827.0,100.0,14.333333333333334,24.0,2022-08-02,52741.0,52609.0,153972.0,1.129179158568379,1.1290630601747034,0.0,,,,1
66,59,100000.0,99379.28,ZORA,1,0,1,1,1,1,73.0,2009-11-30,363.0,75.0,884.0,38.0,5.5,4.0,2023-05-10,2614.0,2614.0,4663.0,0.1028874368049046,0.1028874368049046,0.0,,,,1
68,57,100000.0,99379.28,Waffle,0,1,0,0,0,0,1.0,2018-08-23,,,206.0,7.0,0.0,0.0,,0.0,0.0,,,,1.0,2018-08-03,8736143.0,2118959.0,1
69,56,100000.0,99379.28,The Ethernaut,0,0,0,0,0,0,2.0,2017-11-16,1720.0,616.0,224.0,12.0,0.5,0.0,,0.0,0.0,,,,0.0,,,,1
70,55,100000.0,99379.28,Synpress,0,0,0,0,1,0,1.0,2020-11-18,467.0,135.0,149.0,30.0,1.3333333333333333,0.0,,0.0,0.0,,,,1.0,2020-11-19,479561.0,231016.0,1
71,54,100000.0,99379.28,Cannon,1,0,0,0,1,0,1.0,2022-02-15,66.0,11.0,24.0,20.0,3.8333333333333335,0.0,,0.0,0.0,,,,3.0,2022-03-16,92677.0,32803.0,1
72,54,100000.0,99379.28,Synthetix,1,0,0,0,0,0,125.0,2015-10-26,1121.0,597.0,540.0,67.0,12.666666666666666,859.0,2021-11-23,50524.0,6271.0,1579032.0,12.688653189911312,11.958351858232472,0.0,,,,1
74,50,100000.0,99379.28,Fe,0,0,0,0,0,0,1.0,2019-09-12,,,63.0,9.0,0.0,0.0,,0.0,0.0,,,,0.0,,,,1
78,45,100000.0,99379.28,Yearn,1,0,0,0,0,0,126.0,2018-10-19,504.0,311.0,553.0,61.0,6.5,72.0,2022-08-06,31836.0,31810.0,140958.0,0.5214906119841206,0.5214433891762872,0.0,,,,1
79,44,100000.0,99379.28,Velodrome,1,0,1,0,0,0,8.0,2022-04-25,43.0,79.0,24.0,6.0,0.6666666666666666,990.0,2022-06-01,481851.0,164609.0,10677385.0,30.62382128360101,28.936408862942987,0.0,,,,1
80,44,100000.0,99379.28,Optimistic Indexer,0,0,0,0,0,0,6.0,2021-07-09,18.0,1.0,10.0,4.0,0.0,77.0,2022-03-30,76566.0,8536.0,383452.0,0.5897189326480222,0.5094756013490473,0.0,,,,1
81,44,100000.0,99379.28,Blocknative | Web3 Onboard,0,0,0,0,0,0,21.0,2018-07-02,699.0,416.0,477.0,90.0,2.5,0.0,,0.0,0.0,,,,0.0,,,,1
82,43,100000.0,99379.28,Candide,1,1,0,0,1,0,15.0,2020-03-12,,7.0,18.0,6.0,2.0,0.0,,0.0,0.0,,,,1.0,2023-07-29,1055.0,1055.0,1
84,42,100000.0,99379.28,EthereumETL,0,1,0,0,1,0,1.0,2018-05-02,2689.0,771.0,223.0,17.0,0.1666666666666666,0.0,,0.0,0.0,,,,0.0,,,,1
86,41,100000.0,99379.28,UseDApp,0,0,0,0,0,0,1.0,2020-12-18,,,310.0,18.0,0.0,0.0,,0.0,0.0,,,,1.0,2021-02-11,826703.0,138862.0,1
89,40,100000.0,99379.28,Lyra Finance,1,0,0,0,0,0,18.0,2021-05-26,95.0,49.0,34.0,7.0,0.3333333333333333,265.0,2021-12-13,63000.0,4543.0,633538.0,6.526009582511942,5.978241804675453,0.0,,,,1
93,36,100000.0,99379.28,Secureum,0,1,0,0,0,0,1.0,2022-02-19,,,4.0,2.0,0.0,0.0,,0.0,0.0,,,,0.0,,,,1
94,33,100000.0,99379.28,Wallet Abstraction,0,0,0,0,0,0,1.0,2023-09-23,,,3.0,3.0,0.3333333333333333,0.0,,0.0,0.0,,,,0.0,,,,1
99,44,95000.0,94410.32,WhatsABI,0,1,0,0,0,0,1.0,2022-09-20,,,15.0,6.0,0.6666666666666666,0.0,,0.0,0.0,,,,1.0,2022-09-27,37194.0,30402.0,1
100,73,93235.0,92656.28,Prettier Solidity,0,0,0,1,1,0,3.0,2018-05-15,694.0,74.0,114.0,11.0,0.8333333333333334,0.0,,0.0,0.0,,,,1.0,2018-10-10,8211027.0,2056714.0,1
101,53,93235.0,92656.28,Funding the Commons,0,1,0,0,0,1,,,,,,,,,,,,,,,,,,,0
102,56,92743.5,92167.83,Splits,0,1,0,0,1,0,15.0,2022-01-04,144.0,28.0,35.0,12.0,1.5,4.0,2022-10-05,303.0,231.0,832.0,0.0033040265350499,0.0032822369021164,2.0,2022-07-26,80334.0,49175.0,1
105,43,90000.0,89441.36,Conduit,0,0,0,0,0,0,,,,,,,,,,,,,,,,,,,0
106,43,90000.0,89441.36,draper,0,0,0,0,0,0,6.0,2023-01-20,,,51.0,47.0,2.833333333333333,0.0,,0.0,0.0,,,,0.0,,,,1
107,47,85846.0,85313.14,Galxe,1,0,0,0,0,0,12.0,2021-09-14,93.0,,34.0,9.0,0.3333333333333333,7.0,2022-07-18,673820.0,198370.0,6036135.0,7.106064335502894,6.677842451470443,0.0,,,,1
108,47,85000.0,84472.39,PatrickAlphaC,0,1,0,0,0,1,1.0,2023-04-28,,,48.0,48.0,0.6666666666666666,0.0,,0.0,0.0,,,,0.0,,,,1
109,38,82743.5,82229.9,ETHSafari 2023,0,1,0,0,0,0,,,,,,,,,,,,,,,,,,,0
112,36,82500.0,81987.91,Sonne Finance ,1,0,0,0,0,0,3.0,2022-09-12,,,4.0,3.0,0.0,55.0,2022-09-25,35406.0,16941.0,664353.0,2.264382311745893,2.154664236864901,0.0,,,,1
114,39,80000.0,79503.43,Hats Protocol,0,1,0,0,0,0,31.0,2022-04-27,,,19.0,11.0,2.1666666666666665,1.0,2023-07-11,42.0,42.0,275.0,0.0772967504074044,0.0772967504074044,3.0,2023-07-04,2880.0,2880.0,1
116,39,78000.0,77515.84,Alloy,0,0,0,0,0,0,7.0,2021-09-11,,,53.0,41.0,1.6666666666666667,0.0,,0.0,0.0,,,,0.0,,,,1
117,74,76923.0,76445.53,Tenderly,0,0,0,0,0,1,36.0,2013-12-26,,,654.0,137.0,6.166666666666667,0.0,,0.0,0.0,,,,0.0,,,,1
121,64,76923.0,76445.53,Gelato,1,0,0,0,1,0,114.0,2019-06-17,233.0,37.0,102.0,23.0,2.5,8.0,2022-01-21,4113.0,3530.0,515121.0,1.9349344198365923,1.8864701186387527,0.0,,,,1
124,55,76923.0,76445.53,ethOS,0,1,0,0,0,0,33.0,2012-01-02,,,185.0,5.0,0.5,0.0,,0.0,0.0,,,,0.0,,,,1
126,49,76923.0,76445.53,Endaoment,0,1,0,0,0,1,8.0,2020-02-14,,,15.0,4.0,0.0,2.0,2023-10-17,3.0,3.0,56.0,0.0003158504077018,0.0003158504077018,0.0,,,,1
127,46,76923.0,76445.53,Socket ,1,0,0,0,0,0,23.0,2021-07-05,30.0,3.0,33.0,19.0,4.666666666666667,95.0,2022-02-08,268364.0,226935.0,1422556.0,4.961774678828445,4.930118688629306,1.0,2022-10-31,35157.0,24896.0,1
128,46,76923.0,76445.53,AW House/Komorebi's Hacker House,1,0,0,0,0,0,1.0,2023-06-20,,,3.0,3.0,1.3333333333333333,1.0,2023-10-08,6.0,6.0,65.0,0.0240379112433529,0.0240379112433529,0.0,,,,1
130,48,75961.5,75490.0,ERC4337 Smart Accounts Dune Dashboard,0,0,0,0,0,0,,,,,,,,,,,,,,,,,,,0
131,59,75000.0,74534.46,Alchemy,0,0,0,0,0,1,4.0,2023-01-31,,,50.0,49.0,2.5,0.0,,0.0,0.0,,,,0.0,,,,1
132,55,75000.0,74534.46,roll-op,1,0,0,0,0,0,1.0,2023-06-16,50.0,11.0,9.0,9.0,0.6666666666666666,0.0,,0.0,0.0,,,,0.0,,,,1
133,52,75000.0,74534.46,BrightID,0,1,0,1,0,0,34.0,2017-09-13,212.0,5.0,112.0,16.0,0.3333333333333333,0.0,,0.0,0.0,,,,0.0,,,,1
134,48,75000.0,74534.46,Umbra,0,1,0,0,1,0,1.0,2020-05-01,310.0,77.0,28.0,8.0,0.1666666666666666,2.0,2021-12-04,26547.0,12905.0,136578.0,0.0981390660037566,0.0953255255004937,0.0,,,,1
135,45,75000.0,74534.46,Pyth Network,1,0,0,0,0,0,28.0,2018-02-14,122.0,65.0,547.0,32.0,4.166666666666667,4.0,2022-09-09,11.0,7.0,969.0,0.004360991747456,0.004349520739874,0.0,,,,1
136,44,75000.0,74534.46,JiffyScan,1,0,0,0,1,0,7.0,2022-12-02,14.0,10.0,20.0,10.0,1.5,0.0,,0.0,0.0,,,,0.0,,,,1
137,42,75000.0,74534.46,Clave (formerly Opclave),0,0,0,0,0,0,35.0,2021-03-22,258.0,70.0,34.0,13.0,2.5,0.0,,0.0,0.0,,,,0.0,,,,1
138,40,75000.0,74534.46,The Red Guild,0,0,0,0,0,0,4.0,2023-03-29,,,2.0,2.0,0.0,0.0,,0.0,0.0,,,,0.0,,,,1
141,30,75000.0,74534.46,Forum,0,0,0,0,0,0,2.0,2022-11-03,,,2.0,2.0,0.1666666666666666,0.0,,0.0,0.0,,,,0.0,,,,1
142,24,75000.0,74534.46,Crust Network,0,0,0,0,0,0,46.0,2019-11-13,,,352.0,44.0,1.1666666666666667,1.0,2023-06-25,3.0,3.0,6.0,0.0006401815225882,0.0006401815225882,0.0,,,,1
143,49,73710.07,73252.54,Paco Bytes,1,0,0,0,0,0,1.0,2016-10-18,33.0,,635.0,8.0,1.1666666666666667,0.0,,0.0,0.0,,,,0.0,,,,1
144,36,72964.0,72511.1,Impersonator,0,0,0,0,0,0,3.0,2021-08-21,209.0,41.0,15.0,4.0,0.1666666666666666,0.0,,0.0,0.0,,,,0.0,,,,1
147,49,70000.0,69565.5,Commons Stack,1,1,0,0,1,1,26.0,2019-03-15,,,108.0,7.0,1.1666666666666667,0.0,,0.0,0.0,,,,0.0,,,,1
149,58,67500.0,67081.02,Edge & Node / The Graph,0,1,0,0,0,0,25.0,2021-01-19,,,31.0,11.0,1.1666666666666667,0.0,,0.0,0.0,,,,0.0,,,,1
150,34,66558.5,66145.36,Hardhat Tracer,0,1,0,0,0,0,1.0,2022-04-12,,,20.0,9.0,0.3333333333333333,0.0,,0.0,0.0,,,,1.0,2021-02-20,587804.0,194285.0,1
151,32,65995.5,65585.86,Bware Labs,0,0,0,0,1,0,17.0,2021-04-21,,,20.0,4.0,0.0,0.0,,0.0,0.0,,,,0.0,,,,1
153,28,65995.5,65585.86,PR0,1,1,0,0,1,0,6.0,2021-06-22,,1.0,3.0,1.0,0.1666666666666666,1.0,2023-05-23,3.0,3.0,17.0,0.0002682180366552,0.0002682180366552,0.0,,,,1
154,45,65000.0,64596.53,Superscan,0,0,0,0,0,0,,,,,,,,,,,,,,,,,,,0
156,36,65000.0,64596.53,Holonym,0,0,0,0,0,1,28.0,2022-02-19,3.0,4.0,13.0,5.0,1.0,11.0,2022-12-18,5637.0,5637.0,48863.0,3.296838903199558,3.296633944811221,0.0,,,,1
157,28,63731.0,63335.41,Velocimeter,1,0,1,1,1,1,,,,,,,,,,,,,,,,,,,0
159,34,62500.0,62112.05,Upnode Deploy | OP Stack Deployment UI,1,0,0,0,0,0,20.0,2019-01-23,2.0,,133.0,34.0,2.333333333333333,0.0,,0.0,0.0,,,,0.0,,,,1
162,49,62157.0,61771.18,Pocket Network,0,0,0,0,1,0,63.0,2017-05-01,,,135.0,41.0,6.5,0.0,,0.0,0.0,,,,0.0,,,,1
164,75,60000.0,59627.57,Week in Ethereum News,0,0,0,0,1,0,3.0,2021-06-01,2.0,,1.0,1.0,0.0,0.0,,0.0,0.0,,,,0.0,,,,1
166,56,60000.0,59627.57,Token Engineering Commons,0,1,0,0,0,0,37.0,2020-10-21,10.0,11.0,97.0,8.0,0.1666666666666666,0.0,,0.0,0.0,,,,0.0,,,,1
168,40,60000.0,59627.57,Lore,0,0,0,0,0,0,1.0,2023-02-08,,,3.0,1.0,0.0,2.0,2023-10-17,3.0,3.0,9.0,0.0001081544666976,0.0001081544666976,0.0,,,,1
171,26,59041.0,58674.52,Public Goods Grant Management,0,0,0,0,0,1,,,,,,,,,,,,,,,,,,,0
172,36,58495.5,58132.41,abi-to-sol,1,0,0,0,0,0,1.0,2020-10-05,,,12.0,4.0,0.3333333333333333,0.0,,0.0,0.0,,,,0.0,,,,1
173,40,57575.5,57218.12,Wonderland,0,0,0,0,1,0,10.0,2021-06-15,,,24.0,10.0,0.6666666666666666,0.0,,0.0,0.0,,,,0.0,,,,1
174,24,57500.0,57143.09,Index Supply,0,1,0,0,0,0,2.0,2022-10-12,,,7.0,4.0,0.8333333333333334,0.0,,0.0,0.0,,,,0.0,,,,1
175,35,56991.0,56637.25,Decent.xyz,0,0,0,0,0,1,14.0,2021-05-13,,,18.0,4.0,0.3333333333333333,15.0,2022-10-06,162.0,124.0,405.0,0.0030790396956972,0.0030187556945972,0.0,,,,1
176,24,56388.5,56038.49,LlamaFolio,0,0,0,0,1,0,6.0,2022-06-27,105.0,22.0,16.0,7.0,2.6666666666666665,0.0,,0.0,0.0,,,,0.0,,,,1
179,39,55000.0,54658.61,Moonwell,0,0,0,0,0,0,9.0,2022-02-26,,,21.0,12.0,1.5,0.0,,0.0,0.0,,,,0.0,,,,1
180,38,54387.0,54049.41,Jessy's Hacker House,0,1,0,0,0,0,,,,,,,,,,,,,,,,,,,0
181,58,53085.5,52755.99,RadicalxChange Foundation,0,0,0,0,1,0,14.0,2014-07-28,37.0,12.0,78.0,4.0,0.0,0.0,,0.0,0.0,,,,0.0,,,,1
182,38,52500.0,52174.12,Arbiter,0,1,0,0,0,0,3.0,2022-11-17,,,29.0,21.0,3.5,0.0,,0.0,0.0,,,,0.0,,,,1
184,30,51231.0,50913.0,Equalizer,0,0,0,0,0,0,,,,,,,,,,,,,,,,,,,0
185,37,50777.0,50461.82,TechNERD Program,1,0,0,0,0,0,1.0,2022-11-06,18.0,10.0,5.0,1.0,0.0,0.0,,0.0,0.0,,,,0.0,,,,1
188,51,50000.0,49689.64,wslyvh,0,1,0,0,0,0,3.0,2021-09-18,2.0,1.0,96.0,15.0,2.333333333333333,0.0,,0.0,0.0,,,,0.0,,,,1
189,50,50000.0,49689.64,Delegate,0,0,0,0,0,0,4.0,2022-08-06,,,23.0,8.0,0.5,2.0,2023-01-03,1842.0,750.0,2487.0,0.0026664090429056,0.0023888775837464,0.0,,,,1
191,50,50000.0,49689.64,Hop DAO,1,0,0,0,0,0,23.0,2020-10-19,2792.0,210.0,206.0,14.0,3.1666666666666665,39.0,2021-11-12,69907.0,13332.0,602981.0,0.2795516335895402,0.2392130001627045,0.0,,,,1
194,49,50000.0,49689.64,üêç snekmate,0,0,0,0,1,0,1.0,2022-07-30,424.0,,17.0,9.0,1.0,0.0,,0.0,0.0,,,,0.0,,,,1
196,47,50000.0,49689.64,‚ö°Ô∏è TurboETH,0,1,0,0,1,0,18.0,2022-06-19,241.0,63.0,31.0,19.0,1.6666666666666667,0.0,,0.0,0.0,,,,1.0,2023-06-22,1755.0,1755.0,1
200,44,50000.0,49689.64,DAC on OP Stack,0,0,0,0,0,0,5.0,2021-08-05,,,44.0,22.0,3.8333333333333335,0.0,,0.0,0.0,,,,0.0,,,,1
201,44,50000.0,49689.64,LearnWeb3,0,1,0,0,0,0,79.0,2021-12-13,167.0,93.0,225.0,10.0,0.6666666666666666,0.0,,0.0,0.0,,,,0.0,,,,1
202,43,50000.0,49689.64,WTF Academy,0,0,0,0,1,0,31.0,2022-07-23,2137.0,360.0,241.0,46.0,2.833333333333333,1.0,2023-07-30,1.0,1.0,3.0,2.875826773e-09,2.875826773e-09,0.0,,,,1
204,41,50000.0,49689.64,cryo,0,0,0,0,0,0,1.0,2023-06-18,,,26.0,26.0,0.8333333333333334,0.0,,0.0,0.0,,,,0.0,,,,1
206,41,50000.0,49689.64,ETHBarcelona,0,1,0,0,0,0,2.0,2023-04-02,,,2.0,2.0,0.3333333333333333,0.0,,0.0,0.0,,,,0.0,,,,1
208,40,50000.0,49689.64,Node Guardians,0,0,0,0,0,0,5.0,2022-06-30,36.0,30.0,24.0,10.0,0.5,0.0,,0.0,0.0,,,,0.0,,,,1
211,39,50000.0,49689.64,Covalent,0,0,0,0,0,0,16.0,2013-12-26,,,135.0,58.0,2.1666666666666665,0.0,,0.0,0.0,,,,0.0,,,,1
212,39,50000.0,49689.64,Sphinx (formerly ChugSplash),0,0,0,0,1,0,1.0,2022-07-13,185.0,,10.0,6.0,2.0,0.0,,0.0,0.0,,,,1.0,2023-07-30,2298.0,2298.0,1
213,39,50000.0,49689.64,Ponder,0,1,0,0,0,1,1.0,2023-03-13,,,1.0,1.0,0.1666666666666666,0.0,,0.0,0.0,,,,0.0,,,,1
215,36,50000.0,49689.64,Giveth Web3 House,0,0,0,0,0,0,,,,,,,,,,,,,,,,,,,0
216,36,50000.0,49689.64,Greg's Farcaster Projects,0,1,0,0,0,0,1.0,2022-06-12,,,10.0,5.0,0.0,0.0,,0.0,0.0,,,,0.0,,,,1
217,35,50000.0,49689.64,Odos,0,0,0,0,1,0,,,,,,,,,,,,,,,,,,,0
220,35,50000.0,49689.64,EZKL,0,1,0,0,0,0,9.0,2022-07-05,602.0,71.0,45.0,26.0,2.6666666666666665,0.0,,0.0,0.0,,,,0.0,,,,1
223,33,50000.0,49689.64,Public Assembly ,0,0,0,0,0,1,29.0,2022-09-03,26.0,6.0,21.0,9.0,2.333333333333333,0.0,,0.0,0.0,,,,0.0,,,,1
225,33,50000.0,49689.64,Synapse DAO,0,0,1,0,0,0,,,,,,,,,,,,,,,,,,,0
226,32,50000.0,49689.64,Spearbit,1,0,0,0,0,0,1.0,2021-12-29,436.0,,12.0,6.0,0.1666666666666666,0.0,,0.0,0.0,,,,0.0,,,,1
228,31,50000.0,49689.64,Alex Harley,0,0,0,0,0,0,,,,,,,,,,,,,,,,,,,0
230,30,50000.0,49689.64,Antoine,0,0,0,0,0,1,7.0,2020-12-26,,,31.0,6.0,1.0,0.0,,0.0,0.0,,,,2.0,2021-01-30,154851.0,26464.0,1
231,30,50000.0,49689.64,RADAR,0,0,0,0,0,1,12.0,2022-02-15,,,14.0,6.0,2.0,0.0,,0.0,0.0,,,,0.0,,,,1
233,27,50000.0,49689.64,Bonding Curve Research Group,0,1,0,0,0,0,2.0,2023-04-01,,,3.0,2.0,0.1666666666666666,0.0,,0.0,0.0,,,,0.0,,,,1
236,23,50000.0,49689.64,Ankr,0,0,0,0,0,0,,,,,,,,,,,,,,,,,,,0
241,43,49505.0,49197.71,Public HAUS,0,1,0,0,0,0,64.0,2018-11-19,,,119.0,16.0,4.5,2.0,2023-01-23,33.0,30.0,72.0,5.362080281271903e-05,4.3086408183532006e-05,0.0,,,,1
242,34,48256.0,47956.47,Airstack,0,0,0,0,0,0,,,,,,,,,,,,,,,,,,,0
243,30,48256.0,47956.47,DackieSwap,0,0,0,0,1,0,,,,,,,,,,,,,,,,,,,0
245,29,48000.0,47702.06,Cannon-rs,0,0,0,0,1,0,1.0,2022-10-20,29.0,,5.0,5.0,0.1666666666666666,0.0,,0.0,0.0,,,,0.0,,,,1
248,58,46371.5,46083.66,Rollup.codes,0,0,0,0,0,0,119.0,2017-11-13,191.0,46.0,203.0,35.0,1.8333333333333333,0.0,,0.0,0.0,,,,0.0,,,,1
250,42,45000.0,44720.68,Flexible Voting,0,1,0,0,1,0,35.0,2019-02-04,310.0,77.0,62.0,15.0,1.5,11.0,2023-04-18,1.0,1.0,64.0,0.0074979031166121,0.0074970163786121,0.0,,,,1
251,38,45000.0,44720.68,GasHawk,1,0,0,0,1,0,2.0,2022-08-11,5.0,2.0,3.0,0.0,,0.0,,0.0,0.0,,,,0.0,,,,1
252,27,45000.0,44720.68,OpenOcean,0,0,0,0,0,1,16.0,2020-09-03,,,12.0,1.0,0.3333333333333333,1.0,2022-01-20,22465.0,12461.0,45995.0,0.3860525795500993,0.3336922434058668,0.0,,,,1
253,46,43256.0,42987.5,Token Terminal,0,0,0,0,1,0,,,,,,,,,,,,,,,,,,,0
256,45,40000.0,39751.71,Dapp-Learning,0,0,0,0,1,0,11.0,2021-04-16,4211.0,1111.0,236.0,22.0,0.6666666666666666,1.0,2023-10-12,2.0,2.0,26.0,8.2334090934592e-05,8.2334090934592e-05,0.0,,,,1
257,32,40000.0,39751.71,Synthetix IPFS Node,0,0,0,0,0,0,5.0,2023-03-22,9.0,,6.0,4.0,0.3333333333333333,0.0,,0.0,0.0,,,,0.0,,,,1
258,25,40000.0,39751.71,Wildcards Protocol,1,0,0,0,0,0,4.0,2023-05-02,,,2.0,2.0,0.6666666666666666,0.0,,0.0,0.0,,,,0.0,,,,1
259,25,39918.0,39670.22,Buildooor,0,0,0,0,0,0,1.0,2023-08-28,,,1.0,1.0,0.1666666666666666,0.0,,0.0,0.0,,,,0.0,,,,1
261,26,38789.5,38548.73,Dasy,0,0,0,0,0,0,2.0,2022-09-07,,,1.0,0.0,,0.0,,0.0,0.0,,,,0.0,,,,1
262,46,38462.0,38223.26,indexed.xyz,0,0,0,0,0,0,,,,,,,,,,,,,,,,,,,0
264,38,38462.0,38223.26,Launchcaster,0,0,0,0,0,0,,,,,,,,,,,,,,,,,,,0
265,38,38462.0,38223.26,Blockhead: track/visualize/explore all of crypto/DeFi/web3 in ONE interface!,0,0,0,0,0,0,1.0,2020-10-06,,42.0,5.0,1.0,1.0,0.0,,0.0,0.0,,,,0.0,,,,1
271,31,38462.0,38223.26,Archly,0,0,0,0,0,0,,,,,,,,,,,,,,,,,,,0
272,31,38462.0,38223.26,Iggy Social - Web3 Social for DAOs,0,1,0,0,0,0,47.0,2022-01-03,12.0,10.0,8.0,5.0,1.1666666666666667,15.0,2022-02-23,433.0,51.0,1291.0,0.0002891785726998,0.0001867625675721,0.0,,,,1
276,50,37447.0,37214.56,EIP-4824/ DAOstar,0,1,0,0,0,0,,,,,,,,,,,,,,,,,,,0
279,29,35000.0,34782.75,Mosaic,0,1,0,0,0,0,2.0,2023-06-22,,,3.0,3.0,0.5,1.0,2023-08-22,997.0,997.0,1225.0,0.0035384800472587,0.0035384800472587,0.0,,,,1
280,27,35000.0,34782.75,solidity-analyzer,0,0,0,0,0,0,1.0,2023-07-21,,,1.0,1.0,0.3333333333333333,0.0,,0.0,0.0,,,,0.0,,,,1
281,19,35000.0,34782.75,Another World,1,1,0,0,0,0,5.0,2022-11-21,1.0,,1.0,1.0,0.6666666666666666,9.0,2023-05-05,15.0,15.0,1790.0,0.0827973152588592,0.0827973152588592,0.0,,,,1
284,42,32500.0,32298.27,hildobby,0,0,0,0,1,0,10.0,2014-09-19,961.0,907.0,607.0,143.0,7.5,0.0,,0.0,0.0,,,,0.0,,,,1
285,29,32000.0,31801.37,Geo Web,1,1,0,0,0,0,33.0,2020-07-10,21.0,15.0,35.0,8.0,1.1666666666666667,3.0,2022-12-13,93.0,56.0,328.0,0.0044690176417932,0.0033293099177932,0.0,,,,1
289,25,30487.0,30297.76,Optimism Prices Contracts,0,0,0,0,1,0,1.0,2023-01-29,8.0,3.0,2.0,2.0,0.0,0.0,,0.0,0.0,,,,0.0,,,,1
291,26,30243.5,30055.77,Optimism Grant Analytics: Grant3,0,0,0,0,0,0,,,,,,,,,,,,,,,,,,,0
292,55,30000.0,29813.79,ITU Blockchain,1,0,0,0,0,0,,,,,,,,,,,,,,,,,,,0
293,41,30000.0,29813.79,Optimism Grants Changelog,0,1,0,0,0,1,,,,,,,,,,,,,,,,,,,0
294,35,30000.0,29813.79,Superchain Eco,1,0,0,0,0,1,,,,,,,,,,,,,,,,,,,0
295,32,30000.0,29813.79,Optimystics,0,1,0,0,0,1,,,,,,,,,,,,,,,,,,,1
297,23,30000.0,29813.79,joohhnnn,0,0,0,0,0,0,3.0,2023-09-07,,,2.0,2.0,0.3333333333333333,0.0,,0.0,0.0,,,,0.0,,,,1
298,36,29000.0,28819.99,Web3bridge,0,1,0,0,0,0,,,,,,,,,,,,,,,,,,,0
299,33,28495.0,28318.13,Kiwi News,0,1,0,0,0,1,3.0,2021-12-21,34.0,11.0,13.0,8.0,1.6666666666666667,1.0,2023-07-11,55.0,55.0,125.0,0.0001533972769627,0.0001533972769627,0.0,,,,1
301,32,28468.0,28291.29,AyaHQ,0,1,0,0,0,0,3.0,2022-08-16,,,7.0,5.0,0.1666666666666666,0.0,,0.0,0.0,,,,0.0,,,,1
303,40,28000.0,27826.2,LXDAO,0,1,0,0,0,0,56.0,2021-11-21,271.0,130.0,68.0,28.0,9.666666666666666,0.0,,0.0,0.0,,,,3.0,2023-02-02,2252.0,1530.0,1
305,37,27717.0,27544.96,Andrew Hong (ilemi),0,0,0,0,1,0,,,,,,,,,,,,,,,,,,,0
308,38,27500.0,27329.3,Mechanism Institute,0,1,0,0,0,0,1.0,2023-07-03,1.0,,1.0,1.0,0.1666666666666666,0.0,,0.0,0.0,,,,0.0,,,,1
309,34,27500.0,27329.3,Faina,0,0,0,0,1,0,1.0,2021-03-11,24.0,14.0,9.0,0.0,,0.0,,0.0,0.0,,,,0.0,,,,1
310,34,26876.0,26709.18,MetricsDAO,0,1,0,0,0,1,9.0,2021-11-03,,,78.0,18.0,1.1666666666666667,0.0,,0.0,0.0,,,,0.0,,,,1
313,37,25000.0,24844.82,Eventcaster,0,0,0,0,0,0,,,,,,,,,,,,,,,,,,,0
314,36,25000.0,24844.82,Baseswap,1,0,0,0,0,0,,,,,,,,,,,,,,,,,,,0
315,31,25000.0,24844.82,FOAM,0,0,0,0,0,0,43.0,2012-04-27,,,114.0,6.0,0.8333333333333334,0.0,,0.0,0.0,,,,0.0,,,,1
319,25,25000.0,24844.82,Inverter Network,1,0,0,0,0,1,7.0,2022-09-08,3.0,1.0,17.0,8.0,0.1666666666666666,0.0,,0.0,0.0,,,,0.0,,,,1
320,25,25000.0,24844.82,Sweetman,0,0,0,0,0,0,1.0,2023-04-10,,,4.0,4.0,1.8333333333333333,0.0,,0.0,0.0,,,,0.0,,,,1
321,24,25000.0,24844.82,Kromatika Finance,1,0,0,0,0,0,7.0,2021-10-07,3.0,3.0,13.0,3.0,0.1666666666666666,10.0,2021-11-21,2281.0,871.0,23166.0,0.1267037048522328,0.1248704988440721,0.0,,,,1
322,21,25000.0,24844.82,MultiBaas blockchain middleware,1,0,0,0,0,1,28.0,2014-01-25,5.0,3.0,107.0,2.0,0.0,0.0,,0.0,0.0,,,,0.0,,,,1
323,19,24945.0,24790.16,0xSalman,0,0,0,0,0,0,,,,,,,,,,,,,,,,,,,0
324,22,24755.0,24601.34,Redacted Research,0,0,0,0,0,0,,,,,,,,,,,,,,,,,,,0
329,31,24510.0,24357.86,0xs34n,0,0,0,0,0,0,,,,,,,,,,,,,,,,,,,1
330,29,24510.0,24357.86,Synapse Labs,0,0,0,0,0,0,12.0,2021-05-13,80.0,28.0,37.0,15.0,4.833333333333333,29.0,2021-11-13,388604.0,15836.0,1246131.0,0.526437058230777,0.31580197674618,0.0,,,,1
331,23,24510.0,24357.86,Infinity Wallet,0,0,0,0,0,0,66.0,2011-08-31,23.0,26.0,688.0,8.0,0.1666666666666666,0.0,,0.0,0.0,,,,0.0,,,,1
334,48,23755.0,23607.55,ETHAccra,0,0,0,0,0,0,,,,,,,,,,,,,,,,,,,0
335,47,23309.0,23164.32,Bankless DAO,0,1,0,0,1,0,41.0,2021-04-26,37.0,35.0,140.0,30.0,0.1666666666666666,0.0,,0.0,0.0,,,,0.0,,,,1
340,22,22255.0,22116.86,Accessible Education for Web3 Public Goods Changemakers,0,1,0,0,0,0,,,,,,,,,,,,,,,,,,,0
341,22,22255.0,22116.86,Opti.domains | Connecting Web2&3 with ENS + Attestation,1,1,0,0,0,1,8.0,2021-04-19,1.0,,28.0,2.0,0.5,0.0,,0.0,0.0,,,,0.0,,,,1
343,18,22255.0,22116.86,Marko,0,0,0,0,0,0,,,,,,,,,,,,,,,,,,,0
344,18,22255.0,22116.86,Smart Onboarding SDK,0,0,0,0,0,0,24.0,2022-03-26,,,28.0,6.0,0.1666666666666666,0.0,,0.0,0.0,,,,0.0,,,,1
347,48,21500.0,21366.55,HER LATAM _ Optimistas Brillando en Blockchain,0,1,0,0,1,0,,,,,,,,,,,,,,,,,,,0
349,19,20680.0,20551.64,valio.xyz,1,0,0,0,0,0,1.0,2023-08-21,,,1.0,1.0,0.0,0.0,,0.0,0.0,,,,0.0,,,,1
352,43,20000.0,19875.86,Optimism Guide,0,0,0,0,0,1,,,,,,,,,,,,,,,,,,,0
356,37,20000.0,19875.86,SpaghettETH,0,1,0,0,0,0,1.0,2022-06-24,,,9.0,2.0,0.0,0.0,,0.0,0.0,,,,0.0,,,,1
358,34,20000.0,19875.86,Protofire Blockchain Learning Path,0,0,0,0,0,0,2.0,2017-09-11,959.0,157.0,203.0,21.0,0.5,0.0,,0.0,0.0,,,,0.0,,,,1
361,29,20000.0,19875.86,Remix CC,0,1,0,0,0,0,16.0,2021-06-21,8.0,6.0,21.0,3.0,0.5,0.0,,0.0,0.0,,,,0.0,,,,1
363,27,20000.0,19875.86,WakeUp Labs,0,0,1,0,1,0,9.0,2021-10-04,2.0,1.0,17.0,3.0,0.0,0.0,,0.0,0.0,,,,0.0,,,,1
364,27,20000.0,19875.86,1W3,0,0,0,0,0,0,3.0,2022-12-26,1.0,1.0,2.0,2.0,0.0,1.0,2023-07-05,6.0,6.0,20.0,6.217032499344e-06,6.217032499344e-06,0.0,,,,1
365,27,20000.0,19875.86,Yoki Finance,0,0,0,0,0,0,2.0,2023-05-09,,,4.0,3.0,0.6666666666666666,1.0,2023-09-04,6.0,6.0,6.0,2.5356921699029005e-05,2.5356921699029005e-05,0.0,,,,1
366,25,20000.0,19875.86,Pin Save - decentralized Pinterest,0,1,0,0,0,0,2.0,2021-11-05,12.0,7.0,7.0,4.0,0.6666666666666666,1.0,2023-10-23,1.0,1.0,1.0,8.8979581397538e-05,8.8979581397538e-05,0.0,,,,1
367,25,20000.0,19875.86,Parsec Finance,0,0,0,0,0,0,,,,,,,,,,,,,,,,,,,0
369,23,20000.0,19875.86,Titanoboa,0,0,0,0,0,0,,,,,,,,,,,,,,,,,,,0
370,19,20000.0,19875.86,Reno,1,0,0,0,0,0,,,,,,,,,,,,,,,,,,,0
372,18,18586.5,18471.13,Gov,0,0,0,0,1,0,2.0,2022-10-11,5.0,2.0,2.0,1.0,0.1666666666666666,1.0,2023-03-04,4.0,4.0,26.0,2.4105313561588008e-05,2.3291675561588005e-05,0.0,,,,1
373,38,18544.5,18429.39,DeFi Africa,0,1,0,0,0,0,1.0,2023-10-20,,,6.0,6.0,0.0,0.0,,0.0,0.0,,,,0.0,,,,1
374,19,18350.0,18236.1,Ivan Molto,0,1,0,0,0,0,,,,,,,,,,,,,,,,,,,0
376,21,18000.0,17888.27,Crypto Sapiens,0,1,0,0,0,0,,,,,,,,,,,,,,,,,,,0
377,22,17826.0,17715.35,Keyring,0,0,0,0,0,0,1.0,2023-06-01,,,1.0,1.0,0.8333333333333334,0.0,,0.0,0.0,,,,0.0,,,,1
378,24,17500.0,17391.37, simple-optimism-node (Maintaining my own fork),0,0,0,0,0,0,,,,,,,,,,,,,,,,,,,0
382,38,17000.0,16894.48,EthereansOS,0,0,0,0,1,0,31.0,2019-04-19,18.0,11.0,47.0,1.0,0.3333333333333333,0.0,,0.0,0.0,,,,0.0,,,,1
383,30,16600.0,16496.96,JobStash,0,1,0,0,0,1,2.0,2023-01-16,,,6.0,5.0,0.3333333333333333,0.0,,0.0,0.0,,,,0.0,,,,1
386,35,15000.0,14906.89,Eth-Volcano,0,0,0,0,0,0,,,,,,,,,,,,,,,,,,,0
389,33,15000.0,14906.89,Rollup Economics Dune Spell,0,0,0,0,0,0,,,,,,,,,,,,,,,,,,,0
397,25,15000.0,14906.89,far.quest,0,0,0,0,0,1,,,,,,,,,,,,,,,,,,,0
399,19,15000.0,14906.89,Kredeum NFTs Factory,0,0,0,0,0,0,17.0,2021-01-14,14.0,13.0,15.0,3.0,0.8333333333333334,3.0,2022-11-01,11.0,11.0,23.0,0.0001634712165563,0.0001624952885563,0.0,,,,1
403,17,12777.0,12697.69,RareSkills Book of Zero Knowledge Proofs,0,0,0,0,1,0,,,,,,,,,,,,,,,,,,,0
406,24,12500.0,12422.41,FilosofiaCodigo,0,0,0,0,1,0,,,,,,,,,,,,,,,,,,,0
408,18,12500.0,12422.41,JEFE TOKEN,0,0,0,0,0,0,6.0,2021-12-07,,,2.0,2.0,0.0,0.0,,0.0,0.0,,,,0.0,,,,1
410,24,11653.0,11580.67,zerokn0wledge,0,0,0,0,0,0,,,,,,,,,,,,,,,,,,,0
414,20,11000.0,10931.72,Bankless Publishing,0,0,0,0,1,0,,,,,,,,,,,,,,,,,,,0
417,28,10184.0,10120.79,OurNetwork,0,1,0,0,0,0,,,,,,,,,,,,,,,,,,,0
422,34,10000.0,9937.93,ODTU Blockchain,0,0,0,0,0,0,,,,,,,,,,,,,,,,,,,0
423,33,10000.0,9937.93,jordanmmck,0,0,0,0,1,0,,,,,,,,,,,,,,,,,,,0
428,31,10000.0,9937.93,Andino - Talent in technology,0,0,1,0,0,0,,,,,,,,,,,,,,,,,,,0
432,30,10000.0,9937.93,Rodrigo Nu√±Œûz,0,1,0,0,0,0,,,,,,,,,,,,,,,,,,,0
436,24,10000.0,9937.93,Awesome Optimism,0,0,0,0,0,0,1.0,2023-08-27,,,4.0,4.0,0.5,0.0,,0.0,0.0,,,,0.0,,,,1
438,22,10000.0,9937.93,Layer 2 Weekly Roundup,0,0,0,0,1,0,,,,,,,,,,,,,,,,,,,0
439,21,10000.0,9937.93,Taz,1,0,0,0,0,0,,,,,,,,,,,,,,,,,,,0
440,20,10000.0,9937.93,Learning about OP through Gitcoin Grants,0,0,1,0,0,0,,,,,,,,,,,,,,,,,,,0
443,18,10000.0,9937.93,bh2smith,0,0,0,0,0,1,,,,,,,,,,,,,,,,,,,0
444,17,10000.0,9937.93,Cardo,0,0,0,0,0,0,,,,,,,,,,,,,,,,,,,0
446,25,8500.0,8447.24,CII,1,0,0,0,0,0,,,,,,,,,,,,,,,,,,,0
448,24,7500.0,7453.45,GiveStation (youbuidl),0,0,0,0,1,0,4.0,2022-01-10,3.0,2.0,6.0,1.0,0.1666666666666666,0.0,,0.0,0.0,,,,0.0,,,,1
456,35,5000.0,4968.96,RoOptimism,0,1,0,0,0,0,,,,,,,,,,,,,,,,,,,0
462,31,5000.0,4968.96,Onboard en Per√∫ Optimistas e Indexer ,0,1,0,0,0,0,,,,,,,,,,,,,,,,,,,0
472,27,5000.0,4968.96,Revelo Intel,0,1,0,0,0,0,,,,,,,,,,,,,,,,,,,0
491,21,5000.0,4968.96,Bedrock Contracts Architecture Diagram,1,0,1,1,1,1,,,,,,,,,,,,,,,,,,,0
492,20,5000.0,4968.96,Doris Protocol,1,0,0,0,0,0,1.0,2023-10-12,,,3.0,3.0,0.0,0.0,,0.0,0.0,,,,0.0,,,,1
504,16,10000.0,0.0,Donate3,0,0,0,0,1,0,,,,,,,,,,,,,,,,,,,0
505,16,22643.5,0.0,DexKit,0,0,0,0,1,0,26.0,2020-10-29,66.0,89.0,15.0,6.0,1.3333333333333333,0.0,,0.0,0.0,,,,0.0,,,,1
506,16,15000.0,0.0,MesoReefDAO,0,1,0,0,0,0,,,,,,,,,,,,,,,,,,,1
511,16,29698.5,0.0,Artemis Analytics,1,0,0,0,0,0,,,,,,,,,,,,,,,,,,,0
514,16,41330.5,0.0,Downstream,0,0,0,0,0,0,3.0,2022-08-18,,,16.0,15.0,5.666666666666667,0.0,,0.0,0.0,,,,0.0,,,,1
516,16,22489.0,0.0,vrypan,0,0,0,0,0,0,2.0,2023-10-19,,,2.0,2.0,0.1666666666666666,0.0,,0.0,0.0,,,,0.0,,,,1
517,16,51612.0,0.0,Ether.actor,0,1,0,0,0,0,1.0,2021-10-12,,,5.0,2.0,0.0,0.0,,0.0,0.0,,,,0.0,,,,1
520,15,25612.0,0.0,APAC DAO,1,0,0,0,0,0,,,,,,,,,,,,,,,,,,,0
521,15,10000.0,0.0,Arkham,1,0,0,0,0,0,,,,,,,,,,,,,,,,,,,0
523,15,15335.0,0.0,Namespace,0,1,0,0,0,0,,,,,,,,,,,,,,,,,,,0
525,15,27717.0,0.0,supernova,0,0,0,0,0,0,,,,,,,,,,,,,,,,,,,0
527,15,7500.0,0.0,Golden Boys (GOLD),0,1,0,0,0,0,5.0,2023-08-18,,,3.0,3.0,0.5,0.0,,0.0,0.0,,,,0.0,,,,1
528,15,10000.0,0.0,Ryan Berckmans,0,0,0,0,0,0,,,,,,,,,,,,,,,,,,,0
529,15,30000.0,0.0,yAcademy/yAudit,0,0,0,0,0,0,,,,,,,,,,,,,,,,,,,0
530,14,12500.0,0.0,arabianhorses,0,1,0,0,0,0,,,,,,,,,,,,,,,,,,,0
531,14,65995.5,0.0,Vue Dapp,0,1,0,0,0,0,2.0,2021-08-20,174.0,46.0,41.0,6.0,0.1666666666666666,0.0,,0.0,0.0,,,,0.0,,,,1
533,14,7849.5,0.0,Gajesh Naik,0,0,0,0,0,0,,,,,,,,,,,,,,,,,,,0
534,14,7500.0,0.0,EIP Fun,0,1,0,0,0,0,,,,,,,,,,,,,,,,,,,0
535,14,21324.0,0.0,Web3Native,0,0,0,0,0,0,,,,,,,,,,,,,,,,,,,0
536,14,15000.0,0.0,Mac Budkowski,0,1,0,0,0,1,,,,,,,,,,,,,,,,,,,0
541,13,10000.0,0.0,BlockchainOAU,1,0,0,0,0,0,,,,,,,,,,,,,,,,,,,0
543,13,20777.0,0.0,ARPA Randcast,0,0,0,0,0,0,2.0,2022-07-20,,,6.0,6.0,2.0,0.0,,0.0,0.0,,,,0.0,,,,1
550,12,15000.0,0.0,UNWA,0,0,0,0,0,1,,,,,,,,,,,,,,,,,,,0
551,12,9274.0,0.0,banterlytics,0,0,0,0,0,0,,,,,,,,,,,,,,,,,,,0
554,12,5000.0,0.0,DevRel Uni,0,0,0,0,0,0,,,,,,,,,,,,,,,,,,,0
555,12,37255.0,0.0,Client Side Proofs,0,0,0,0,0,0,,,,,,,,,,,,,,,,,,,0
559,12,7500.0,0.0,Nodies DLB,0,1,0,0,0,0,,,,,,,,,,,,,,,,,,,0
561,12,7888.5,0.0,Sinjun,0,0,0,0,0,0,,,,,,,,,,,,,,,,,,,0
562,12,10000.0,0.0,Apetimism Launchpad,0,0,0,0,1,1,,,,,,,,,,,,,,,,,,,0
565,12,34755.0,0.0,ERC1155 Bridge,1,0,1,1,1,1,14.0,2021-07-01,,,11.0,4.0,0.1666666666666666,0.0,,0.0,0.0,,,,0.0,,,,1
567,11,10000.0,0.0,r72.fi,0,1,0,0,0,0,,,,,,,,,,,,,,,,,,,0
569,11,10000.0,0.0,zenbit.eth,0,1,0,0,0,0,,,,,,,,,,,,,,,,,,,0
571,11,20000.0,0.0,sunce86,0,0,0,0,0,0,,,,,,,,,,,,,,,,,,,0
572,11,28969.0,0.0,Picodes,0,0,0,0,0,0,,,,,,,,,,,,,,,,,,,0
576,10,27553.5,0.0,BunnyAI,0,1,0,0,0,0,1.0,2023-09-23,,,6.0,6.0,0.8333333333333334,0.0,,0.0,0.0,,,,0.0,,,,1
579,10,30000.0,0.0,Decentraclasses,0,1,0,0,0,0,,,,,,,,,,,,,,,,,,,1
585,9,24978.0,0.0,markg85,0,0,0,0,0,0,,,,,,,,,,,,,,,,,,,0
589,9,10000.0,0.0,Eternal Garden: ORIGINS,0,0,0,0,0,1,,,,,,,,,,,,,,,,,,,0
590,9,8326.0,0.0,jaxcoder,0,1,0,0,0,0,,,,,,,,,,,,,,,,,,,0
592,9,3777.0,0.0,Ivan on Tech,0,0,0,0,0,0,,,,,,,,,,,,,,,,,,,0
594,9,2000.0,0.0,Hope: A Curated AI Assistant for the Optimism Ecosystem,0,0,0,0,0,0,,,,,,,,,,,,,,,,,,,0
595,9,1500.0,0.0,simple8720,1,0,0,0,0,0,,,,,,,,,,,,,,,,,,,0
599,9,5000.0,0.0,Validato,0,0,0,0,0,0,2.0,2023-10-16,,,2.0,2.0,0.0,0.0,,0.0,0.0,,,,0.0,,,,1
600,8,19973.5,0.0,OpTracker,0,0,0,0,0,0,,,,,,,,,,,,,,,,,,,0
604,8,1638.5,0.0,Squirtle0x,0,0,0,0,0,0,,,,,,,,,,,,,,,,,,,0
606,8,31162.0,0.0,CompareNodes,0,0,0,0,0,0,,,,,,,,,,,,,,,,,,,0
610,8,14350.0,0.0,Raiden,0,0,0,0,0,0,,,,,,,,,,,,,,,,,,,0
614,7,10000.0,0.0,Perelyn,0,0,0,0,0,0,,,,,,,,,,,,,,,,,,,0
615,7,5000.0,0.0,Optimism AI,0,0,0,0,0,0,2.0,2023-10-12,,,1.0,1.0,0.1666666666666666,0.0,,0.0,0.0,,,,0.0,,,,1
634,6,0.0,0.0,Blocktorch,0,1,0,0,0,0,,,,,,,,,,,,,,,,,,,0
637,5,0.0,0.0,UTU,1,0,0,0,0,0,,,,,,,,,,,,,,,,,,,0
639,4,2500.0,0.0,c2ba,0,0,0,0,0,0,,,,,,,,,,,,,,,,,,,0
640,4,5712.0,0.0,SupraOracles,0,1,0,0,0,0,,,,,,,,,,,,,,,,,,,0
