,Result: # Ballots,Meta: Project Name,Result: Received OP,OSO: # GitHub Repos,OSO: Total Stars,OSO: Total Forks,OSO: Total Contributors,OSO: Contributors Last 6 Months,OSO: Avg Monthly Active Devs Last 6 Months,OSO: Total Onchain Users,OSO: Onchain Users Last 6 Months,OSO: Total Downloads,OSO: Downloads Last 6 Months
0,95,Protocol Guild,663853.62,275.0,43809.0,18669.0,16072.0,1356.0,45.833333333333336,0.0,0.0,0.0,0.0
1,101,go-ethereum,496896.42,1.0,43809.0,18669.0,4961.0,354.0,1.5,0.0,0.0,0.0,0.0
2,109,Solidity,422361.96,1.0,21055.0,5504.0,1834.0,108.0,2.6666666666666665,0.0,0.0,0.0,0.0
3,92,Erigon,339545.72,14.0,2609.0,814.0,978.0,181.0,5.333333333333333,0.0,0.0,0.0,0.0
4,107,ethers.js,298137.85,29.0,7095.0,1714.0,1799.0,161.0,1.1666666666666667,0.0,0.0,115250426.0,27880694.0
7,101,Hardhat,280249.58,2.0,6250.0,1254.0,1436.0,168.0,4.166666666666667,0.0,0.0,24162682.0,7590838.0
9,90,ETHGlobal,253848.98,8.0,8.0,6.0,33.0,4.0,0.0,0.0,0.0,0.0,0.0
10,97,Vyper,248448.21,10.0,4662.0,831.0,446.0,30.0,1.5,0.0,0.0,0.0,0.0
11,93,DefiLlama,248448.21,45.0,696.0,3560.0,2955.0,821.0,14.0,37463.0,29613.0,0.0,0.0
12,93,OpenZeppelin Contracts,248448.21,93.0,23083.0,11633.0,2271.0,193.0,7.5,0.0,0.0,46352292.0,16588791.0
14,90,Web3js,248448.21,6.0,17967.0,4966.0,1971.0,128.0,0.1666666666666666,0.0,0.0,87175055.0,14028283.0
15,87,Dappnode,248448.21,180.0,540.0,101.0,398.0,57.0,6.166666666666667,0.0,0.0,0.0,0.0
16,85,Account Abstraction - ERC-4337,248448.21,1.0,1131.0,462.0,94.0,32.0,0.3333333333333333,309.0,308.0,0.0,0.0
19,88,üè∞ BuidlGuidl,227602.91,63.0,8906.0,4077.0,297.0,105.0,3.6666666666666665,0.0,0.0,0.0,0.0
20,77,IPFS,225861.29,546.0,22308.0,3078.0,4496.0,384.0,19.666666666666668,0.0,0.0,0.0,0.0
21,94,beaconcha.in,223603.39,4.0,683.0,412.0,349.0,64.0,6.333333333333333,0.0,0.0,0.0,0.0
22,93,Ethereum Attestation Service,219757.63,9.0,144.0,24.0,48.0,36.0,2.0,8378.0,8378.0,0.0,0.0
24,99,L2BEAT üíó,198758.57,10.0,383.0,232.0,197.0,69.0,5.833333333333333,0.0,0.0,0.0,0.0
25,89,revm,198758.57,1.0,0.0,0.0,108.0,53.0,1.0,0.0,0.0,0.0,0.0
26,88,Wagmi / Viem,198758.57,11.0,0.0,0.0,1067.0,474.0,2.5,0.0,0.0,29557191.0,19013062.0
27,87,Blockscout Block Explorer,198758.57,18.0,2752.0,1837.0,2118.0,352.0,12.166666666666666,0.0,0.0,0.0,0.0
30,77,Sourcify,198758.57,13.0,649.0,339.0,176.0,50.0,4.166666666666667,0.0,0.0,0.0,0.0
32,68,Lattice (OPCraft & MUD),195280.29,20.0,528.0,129.0,122.0,63.0,3.6666666666666665,0.0,0.0,0.0,0.0
33,78,Gitcoin,176398.23,0.0,0.0,0.0,0.0,0.0,0.0,0.0,0.0,0.0,0.0
34,99,Otterscan,170364.91,6.0,1028.0,141.0,41.0,13.0,2.1666666666666665,0.0,0.0,0.0,0.0
36,93,rotki,149068.93,19.0,2361.0,445.0,460.0,51.0,7.666666666666667,0.0,0.0,0.0,0.0
38,78,Giveth,149068.93,108.0,650.0,305.0,366.0,42.0,8.5,0.0,0.0,0.0,0.0
41,70,TrueBlocks / Unchained Index,136646.52,31.0,962.0,179.0,175.0,22.0,2.0,0.0,0.0,0.0,0.0
43,53,Immunefi,129193.07,0.0,0.0,0.0,0.0,0.0,0.0,0.0,0.0,0.0,0.0
44,63,Open Source Observer,127914.06,4.0,9.0,1.0,5.0,5.0,1.3333333333333333,0.0,0.0,6477.0,6477.0
45,75,Ethereum Cat Herders,124224.11,13.0,12091.0,5179.0,1371.0,251.0,1.1666666666666667,0.0,0.0,0.0,0.0
46,62,Department of Decentralization,124224.11,2.0,0.0,0.0,159.0,65.0,0.1666666666666666,0.0,0.0,0.0,0.0
47,55,TypeChain / DethCode,124224.11,2.0,2634.0,347.0,352.0,24.0,0.0,0.0,0.0,21961507.0,7221914.0
48,79,Frame,123541.37,1.0,955.0,137.0,199.0,29.0,0.3333333333333333,0.0,0.0,0.0,0.0
49,68,Slither,121739.62,1.0,4599.0,860.0,512.0,76.0,2.5,0.0,0.0,0.0,0.0
51,57,Small Brain Games,114285.18,10.0,56.0,3.0,14.0,10.0,1.5,0.0,0.0,0.0,0.0
52,57,CharmVerse,109317.21,2.0,0.0,0.0,19.0,10.0,6.666666666666667,0.0,0.0,0.0,0.0
53,51,Aerodrome Finance,104348.25,1.0,0.0,0.0,8.0,8.0,0.3333333333333333,0.0,0.0,0.0,0.0
54,46,Kwenta,99876.18,22.0,116.0,132.0,106.0,32.0,6.5,131345.0,10010.0,0.0,0.0
56,72,Vectorized,99379.28,1.0,1695.0,219.0,60.0,30.0,1.0,0.0,0.0,71386.0,46793.0
57,70,CryptoZombies,99379.28,3.0,2192.0,1032.0,450.0,9.0,0.0,0.0,0.0,0.0,0.0
58,67,Kernel,99379.28,16.0,71.0,48.0,146.0,7.0,0.6666666666666666,0.0,0.0,0.0,0.0
60,63,ApeWorX LTD,99379.28,3.0,733.0,106.0,97.0,30.0,1.0,3.0,3.0,0.0,0.0
62,61,Ronan Sandford,99379.28,5.0,1092.0,244.0,282.0,30.0,0.8333333333333334,0.0,0.0,4696990.0,1770833.0
63,61,P256Verifier,99379.28,2.0,0.0,0.0,9.0,8.0,1.6666666666666667,0.0,0.0,0.0,0.0
64,60,EthernautDAO,99379.28,12.0,138.0,23.0,30.0,2.0,1.5,0.0,0.0,0.0,0.0
65,60,Gitcoin Passport,99379.28,102.0,1743.0,875.0,1827.0,100.0,14.333333333333334,52741.0,52609.0,0.0,0.0
66,59,ZORA,99379.28,73.0,363.0,75.0,884.0,38.0,5.5,2614.0,2614.0,0.0,0.0
68,57,Waffle,99379.28,1.0,0.0,0.0,206.0,7.0,0.0,0.0,0.0,8736143.0,2118959.0
69,56,The Ethernaut,99379.28,2.0,1720.0,616.0,224.0,12.0,0.5,0.0,0.0,0.0,0.0
70,55,Synpress,99379.28,1.0,467.0,135.0,149.0,30.0,1.3333333333333333,0.0,0.0,479561.0,231016.0
71,54,Cannon,99379.28,1.0,66.0,11.0,24.0,20.0,3.8333333333333335,0.0,0.0,92677.0,32803.0
72,54,Synthetix,99379.28,125.0,1121.0,597.0,540.0,67.0,12.666666666666666,50524.0,6271.0,0.0,0.0
74,50,Fe,99379.28,1.0,0.0,0.0,63.0,9.0,0.0,0.0,0.0,0.0,0.0
78,45,Yearn,99379.28,126.0,504.0,311.0,553.0,61.0,6.5,31836.0,31810.0,0.0,0.0
79,44,Velodrome,99379.28,8.0,43.0,79.0,24.0,6.0,0.6666666666666666,481851.0,164609.0,0.0,0.0
80,44,Optimistic Indexer,99379.28,6.0,18.0,1.0,10.0,4.0,0.0,76566.0,8536.0,0.0,0.0
81,44,Blocknative | Web3 Onboard,99379.28,21.0,699.0,416.0,477.0,90.0,2.5,0.0,0.0,0.0,0.0
82,43,Candide,99379.28,15.0,0.0,7.0,18.0,6.0,2.0,0.0,0.0,1055.0,1055.0
84,42,EthereumETL,99379.28,1.0,2689.0,771.0,223.0,17.0,0.1666666666666666,0.0,0.0,0.0,0.0
86,41,UseDApp,99379.28,1.0,0.0,0.0,310.0,18.0,0.0,0.0,0.0,826703.0,138862.0
89,40,Lyra Finance,99379.28,18.0,95.0,49.0,34.0,7.0,0.3333333333333333,63000.0,4543.0,0.0,0.0
93,36,Secureum,99379.28,1.0,0.0,0.0,4.0,2.0,0.0,0.0,0.0,0.0,0.0
94,33,Wallet Abstraction,99379.28,1.0,0.0,0.0,3.0,3.0,0.3333333333333333,0.0,0.0,0.0,0.0
99,44,WhatsABI,94410.32,1.0,0.0,0.0,15.0,6.0,0.6666666666666666,0.0,0.0,37194.0,30402.0
100,73,Prettier Solidity,92656.28,3.0,694.0,74.0,114.0,11.0,0.8333333333333334,0.0,0.0,8211027.0,2056714.0
101,53,Funding the Commons,92656.28,0.0,0.0,0.0,0.0,0.0,0.0,0.0,0.0,0.0,0.0
102,56,Splits,92167.83,15.0,144.0,28.0,35.0,12.0,1.5,303.0,231.0,80334.0,49175.0
105,43,Conduit,89441.36,0.0,0.0,0.0,0.0,0.0,0.0,0.0,0.0,0.0,0.0
106,43,draper,89441.36,6.0,0.0,0.0,51.0,47.0,2.833333333333333,0.0,0.0,0.0,0.0
107,47,Galxe,85313.14,12.0,93.0,0.0,34.0,9.0,0.3333333333333333,673820.0,198370.0,0.0,0.0
108,47,PatrickAlphaC,84472.39,1.0,0.0,0.0,48.0,48.0,0.6666666666666666,0.0,0.0,0.0,0.0
109,38,ETHSafari 2023,82229.9,0.0,0.0,0.0,0.0,0.0,0.0,0.0,0.0,0.0,0.0
112,36,Sonne Finance ,81987.91,3.0,0.0,0.0,4.0,3.0,0.0,35406.0,16941.0,0.0,0.0
114,39,Hats Protocol,79503.43,31.0,0.0,0.0,19.0,11.0,2.1666666666666665,42.0,42.0,2880.0,2880.0
116,39,Alloy,77515.84,7.0,0.0,0.0,53.0,41.0,1.6666666666666667,0.0,0.0,0.0,0.0
117,74,Tenderly,76445.53,36.0,0.0,0.0,654.0,137.0,6.166666666666667,0.0,0.0,0.0,0.0
121,64,Gelato,76445.53,114.0,233.0,37.0,102.0,23.0,2.5,4113.0,3530.0,0.0,0.0
124,55,ethOS,76445.53,33.0,0.0,0.0,185.0,5.0,0.5,0.0,0.0,0.0,0.0
126,49,Endaoment,76445.53,8.0,0.0,0.0,15.0,4.0,0.0,3.0,3.0,0.0,0.0
127,46,Socket ,76445.53,23.0,30.0,3.0,33.0,19.0,4.666666666666667,268364.0,226935.0,35157.0,24896.0
128,46,AW House/Komorebi's Hacker House,76445.53,1.0,0.0,0.0,3.0,3.0,1.3333333333333333,6.0,6.0,0.0,0.0
130,48,ERC4337 Smart Accounts Dune Dashboard,75490.0,0.0,0.0,0.0,0.0,0.0,0.0,0.0,0.0,0.0,0.0
131,59,Alchemy,74534.46,4.0,0.0,0.0,50.0,49.0,2.5,0.0,0.0,0.0,0.0
132,55,roll-op,74534.46,1.0,50.0,11.0,9.0,9.0,0.6666666666666666,0.0,0.0,0.0,0.0
133,52,BrightID,74534.46,34.0,212.0,5.0,112.0,16.0,0.3333333333333333,0.0,0.0,0.0,0.0
134,48,Umbra,74534.46,1.0,310.0,77.0,28.0,8.0,0.1666666666666666,26547.0,12905.0,0.0,0.0
135,45,Pyth Network,74534.46,28.0,122.0,65.0,547.0,32.0,4.166666666666667,11.0,7.0,0.0,0.0
136,44,JiffyScan,74534.46,7.0,14.0,10.0,20.0,10.0,1.5,0.0,0.0,0.0,0.0
137,42,Clave (formerly Opclave),74534.46,35.0,258.0,70.0,34.0,13.0,2.5,0.0,0.0,0.0,0.0
138,40,The Red Guild,74534.46,4.0,0.0,0.0,2.0,2.0,0.0,0.0,0.0,0.0,0.0
141,30,Forum,74534.46,2.0,0.0,0.0,2.0,2.0,0.1666666666666666,0.0,0.0,0.0,0.0
142,24,Crust Network,74534.46,46.0,0.0,0.0,352.0,44.0,1.1666666666666667,3.0,3.0,0.0,0.0
143,49,Paco Bytes,73252.54,1.0,33.0,0.0,635.0,8.0,1.1666666666666667,0.0,0.0,0.0,0.0
144,36,Impersonator,72511.1,3.0,209.0,41.0,15.0,4.0,0.1666666666666666,0.0,0.0,0.0,0.0
147,49,Commons Stack,69565.5,26.0,0.0,0.0,108.0,7.0,1.1666666666666667,0.0,0.0,0.0,0.0
149,58,Edge & Node / The Graph,67081.02,25.0,0.0,0.0,31.0,11.0,1.1666666666666667,0.0,0.0,0.0,0.0
150,34,Hardhat Tracer,66145.36,1.0,0.0,0.0,20.0,9.0,0.3333333333333333,0.0,0.0,587804.0,194285.0
151,32,Bware Labs,65585.86,17.0,0.0,0.0,20.0,4.0,0.0,0.0,0.0,0.0,0.0
153,28,PR0,65585.86,6.0,0.0,1.0,3.0,1.0,0.1666666666666666,3.0,3.0,0.0,0.0
154,45,Superscan,64596.53,0.0,0.0,0.0,0.0,0.0,0.0,0.0,0.0,0.0,0.0
156,36,Holonym,64596.53,28.0,3.0,4.0,13.0,5.0,1.0,5637.0,5637.0,0.0,0.0
157,28,Velocimeter,63335.41,0.0,0.0,0.0,0.0,0.0,0.0,0.0,0.0,0.0,0.0
159,34,Upnode Deploy | OP Stack Deployment UI,62112.05,20.0,2.0,0.0,133.0,34.0,2.333333333333333,0.0,0.0,0.0,0.0
162,49,Pocket Network,61771.18,63.0,0.0,0.0,135.0,41.0,6.5,0.0,0.0,0.0,0.0
164,75,Week in Ethereum News,59627.57,3.0,2.0,0.0,1.0,1.0,0.0,0.0,0.0,0.0,0.0
166,56,Token Engineering Commons,59627.57,37.0,10.0,11.0,97.0,8.0,0.1666666666666666,0.0,0.0,0.0,0.0
168,40,Lore,59627.57,1.0,0.0,0.0,3.0,1.0,0.0,3.0,3.0,0.0,0.0
171,26,Public Goods Grant Management,58674.52,0.0,0.0,0.0,0.0,0.0,0.0,0.0,0.0,0.0,0.0
172,36,abi-to-sol,58132.41,1.0,0.0,0.0,12.0,4.0,0.3333333333333333,0.0,0.0,0.0,0.0
173,40,Wonderland,57218.12,10.0,0.0,0.0,24.0,10.0,0.6666666666666666,0.0,0.0,0.0,0.0
174,24,Index Supply,57143.09,2.0,0.0,0.0,7.0,4.0,0.8333333333333334,0.0,0.0,0.0,0.0
175,35,Decent.xyz,56637.25,14.0,0.0,0.0,18.0,4.0,0.3333333333333333,162.0,124.0,0.0,0.0
176,24,LlamaFolio,56038.49,6.0,105.0,22.0,16.0,7.0,2.6666666666666665,0.0,0.0,0.0,0.0
179,39,Moonwell,54658.61,9.0,0.0,0.0,21.0,12.0,1.5,0.0,0.0,0.0,0.0
180,38,Jessy's Hacker House,54049.41,0.0,0.0,0.0,0.0,0.0,0.0,0.0,0.0,0.0,0.0
181,58,RadicalxChange Foundation,52755.99,14.0,37.0,12.0,78.0,4.0,0.0,0.0,0.0,0.0,0.0
182,38,Arbiter,52174.12,3.0,0.0,0.0,29.0,21.0,3.5,0.0,0.0,0.0,0.0
184,30,Equalizer,50913.0,0.0,0.0,0.0,0.0,0.0,0.0,0.0,0.0,0.0,0.0
185,37,TechNERD Program,50461.82,1.0,18.0,10.0,5.0,1.0,0.0,0.0,0.0,0.0,0.0
188,51,wslyvh,49689.64,3.0,2.0,1.0,96.0,15.0,2.333333333333333,0.0,0.0,0.0,0.0
189,50,Delegate,49689.64,4.0,0.0,0.0,23.0,8.0,0.5,1842.0,750.0,0.0,0.0
191,50,Hop DAO,49689.64,23.0,2792.0,210.0,206.0,14.0,3.1666666666666665,69907.0,13332.0,0.0,0.0
194,49,üêç snekmate,49689.64,1.0,424.0,0.0,17.0,9.0,1.0,0.0,0.0,0.0,0.0
196,47,‚ö°Ô∏è TurboETH,49689.64,18.0,241.0,63.0,31.0,19.0,1.6666666666666667,0.0,0.0,1755.0,1755.0
200,44,DAC on OP Stack,49689.64,5.0,0.0,0.0,44.0,22.0,3.8333333333333335,0.0,0.0,0.0,0.0
201,44,LearnWeb3,49689.64,79.0,167.0,93.0,225.0,10.0,0.6666666666666666,0.0,0.0,0.0,0.0
202,43,WTF Academy,49689.64,31.0,2137.0,360.0,241.0,46.0,2.833333333333333,1.0,1.0,0.0,0.0
204,41,cryo,49689.64,1.0,0.0,0.0,26.0,26.0,0.8333333333333334,0.0,0.0,0.0,0.0
206,41,ETHBarcelona,49689.64,2.0,0.0,0.0,2.0,2.0,0.3333333333333333,0.0,0.0,0.0,0.0
208,40,Node Guardians,49689.64,5.0,36.0,30.0,24.0,10.0,0.5,0.0,0.0,0.0,0.0
211,39,Covalent,49689.64,16.0,0.0,0.0,135.0,58.0,2.1666666666666665,0.0,0.0,0.0,0.0
212,39,Sphinx (formerly ChugSplash),49689.64,1.0,185.0,0.0,10.0,6.0,2.0,0.0,0.0,2298.0,2298.0
213,39,Ponder,49689.64,1.0,0.0,0.0,1.0,1.0,0.1666666666666666,0.0,0.0,0.0,0.0
215,36,Giveth Web3 House,49689.64,0.0,0.0,0.0,0.0,0.0,0.0,0.0,0.0,0.0,0.0
216,36,Greg's Farcaster Projects,49689.64,1.0,0.0,0.0,10.0,5.0,0.0,0.0,0.0,0.0,0.0
217,35,Odos,49689.64,0.0,0.0,0.0,0.0,0.0,0.0,0.0,0.0,0.0,0.0
220,35,EZKL,49689.64,9.0,602.0,71.0,45.0,26.0,2.6666666666666665,0.0,0.0,0.0,0.0
223,33,Public Assembly ,49689.64,29.0,26.0,6.0,21.0,9.0,2.333333333333333,0.0,0.0,0.0,0.0
225,33,Synapse DAO,49689.64,0.0,0.0,0.0,0.0,0.0,0.0,0.0,0.0,0.0,0.0
226,32,Spearbit,49689.64,1.0,436.0,0.0,12.0,6.0,0.1666666666666666,0.0,0.0,0.0,0.0
228,31,Alex Harley,49689.64,0.0,0.0,0.0,0.0,0.0,0.0,0.0,0.0,0.0,0.0
230,30,Antoine,49689.64,7.0,0.0,0.0,31.0,6.0,1.0,0.0,0.0,154851.0,26464.0
231,30,RADAR,49689.64,12.0,0.0,0.0,14.0,6.0,2.0,0.0,0.0,0.0,0.0
233,27,Bonding Curve Research Group,49689.64,2.0,0.0,0.0,3.0,2.0,0.1666666666666666,0.0,0.0,0.0,0.0
236,23,Ankr,49689.64,0.0,0.0,0.0,0.0,0.0,0.0,0.0,0.0,0.0,0.0
241,43,Public HAUS,49197.71,64.0,0.0,0.0,119.0,16.0,4.5,33.0,30.0,0.0,0.0
242,34,Airstack,47956.47,0.0,0.0,0.0,0.0,0.0,0.0,0.0,0.0,0.0,0.0
243,30,DackieSwap,47956.47,0.0,0.0,0.0,0.0,0.0,0.0,0.0,0.0,0.0,0.0
245,29,Cannon-rs,47702.06,1.0,29.0,0.0,5.0,5.0,0.1666666666666666,0.0,0.0,0.0,0.0
248,58,Rollup.codes,46083.66,119.0,191.0,46.0,203.0,35.0,1.8333333333333333,0.0,0.0,0.0,0.0
250,42,Flexible Voting,44720.68,35.0,310.0,77.0,62.0,15.0,1.5,1.0,1.0,0.0,0.0
251,38,GasHawk,44720.68,2.0,5.0,2.0,3.0,0.0,0.0,0.0,0.0,0.0,0.0
252,27,OpenOcean,44720.68,16.0,0.0,0.0,12.0,1.0,0.3333333333333333,22465.0,12461.0,0.0,0.0
253,46,Token Terminal,42987.5,0.0,0.0,0.0,0.0,0.0,0.0,0.0,0.0,0.0,0.0
256,45,Dapp-Learning,39751.71,11.0,4211.0,1111.0,236.0,22.0,0.6666666666666666,2.0,2.0,0.0,0.0
257,32,Synthetix IPFS Node,39751.71,5.0,9.0,0.0,6.0,4.0,0.3333333333333333,0.0,0.0,0.0,0.0
258,25,Wildcards Protocol,39751.71,4.0,0.0,0.0,2.0,2.0,0.6666666666666666,0.0,0.0,0.0,0.0
259,25,Buildooor,39670.22,1.0,0.0,0.0,1.0,1.0,0.1666666666666666,0.0,0.0,0.0,0.0
261,26,Dasy,38548.73,2.0,0.0,0.0,1.0,0.0,0.0,0.0,0.0,0.0,0.0
262,46,indexed.xyz,38223.26,0.0,0.0,0.0,0.0,0.0,0.0,0.0,0.0,0.0,0.0
264,38,Launchcaster,38223.26,0.0,0.0,0.0,0.0,0.0,0.0,0.0,0.0,0.0,0.0
265,38,Blockhead: track/visualize/explore all of crypto/DeFi/web3 in ONE interface!,38223.26,1.0,0.0,42.0,5.0,1.0,1.0,0.0,0.0,0.0,0.0
271,31,Archly,38223.26,0.0,0.0,0.0,0.0,0.0,0.0,0.0,0.0,0.0,0.0
272,31,Iggy Social - Web3 Social for DAOs,38223.26,47.0,12.0,10.0,8.0,5.0,1.1666666666666667,433.0,51.0,0.0,0.0
276,50,EIP-4824/ DAOstar,37214.56,0.0,0.0,0.0,0.0,0.0,0.0,0.0,0.0,0.0,0.0
279,29,Mosaic,34782.75,2.0,0.0,0.0,3.0,3.0,0.5,997.0,997.0,0.0,0.0
280,27,solidity-analyzer,34782.75,1.0,0.0,0.0,1.0,1.0,0.3333333333333333,0.0,0.0,0.0,0.0
281,19,Another World,34782.75,5.0,1.0,0.0,1.0,1.0,0.6666666666666666,15.0,15.0,0.0,0.0
284,42,hildobby,32298.27,10.0,961.0,907.0,607.0,143.0,7.5,0.0,0.0,0.0,0.0
285,29,Geo Web,31801.37,33.0,21.0,15.0,35.0,8.0,1.1666666666666667,93.0,56.0,0.0,0.0
289,25,Optimism Prices Contracts,30297.76,1.0,8.0,3.0,2.0,2.0,0.0,0.0,0.0,0.0,0.0
291,26,Optimism Grant Analytics: Grant3,30055.77,0.0,0.0,0.0,0.0,0.0,0.0,0.0,0.0,0.0,0.0
292,55,ITU Blockchain,29813.79,0.0,0.0,0.0,0.0,0.0,0.0,0.0,0.0,0.0,0.0
293,41,Optimism Grants Changelog,29813.79,0.0,0.0,0.0,0.0,0.0,0.0,0.0,0.0,0.0,0.0
294,35,Superchain Eco,29813.79,0.0,0.0,0.0,0.0,0.0,0.0,0.0,0.0,0.0,0.0
295,32,Optimystics,29813.79,0.0,0.0,0.0,0.0,0.0,0.0,0.0,0.0,0.0,0.0
297,23,joohhnnn,29813.79,3.0,0.0,0.0,2.0,2.0,0.3333333333333333,0.0,0.0,0.0,0.0
298,36,Web3bridge,28819.99,0.0,0.0,0.0,0.0,0.0,0.0,0.0,0.0,0.0,0.0
299,33,Kiwi News,28318.13,3.0,34.0,11.0,13.0,8.0,1.6666666666666667,55.0,55.0,0.0,0.0
301,32,AyaHQ,28291.29,3.0,0.0,0.0,7.0,5.0,0.1666666666666666,0.0,0.0,0.0,0.0
303,40,LXDAO,27826.2,56.0,271.0,130.0,68.0,28.0,9.666666666666666,0.0,0.0,2252.0,1530.0
305,37,Andrew Hong (ilemi),27544.96,0.0,0.0,0.0,0.0,0.0,0.0,0.0,0.0,0.0,0.0
308,38,Mechanism Institute,27329.3,1.0,1.0,0.0,1.0,1.0,0.1666666666666666,0.0,0.0,0.0,0.0
309,34,Faina,27329.3,1.0,24.0,14.0,9.0,0.0,0.0,0.0,0.0,0.0,0.0
310,34,MetricsDAO,26709.18,9.0,0.0,0.0,78.0,18.0,1.1666666666666667,0.0,0.0,0.0,0.0
313,37,Eventcaster,24844.82,0.0,0.0,0.0,0.0,0.0,0.0,0.0,0.0,0.0,0.0
314,36,Baseswap,24844.82,0.0,0.0,0.0,0.0,0.0,0.0,0.0,0.0,0.0,0.0
315,31,FOAM,24844.82,43.0,0.0,0.0,114.0,6.0,0.8333333333333334,0.0,0.0,0.0,0.0
319,25,Inverter Network,24844.82,7.0,3.0,1.0,17.0,8.0,0.1666666666666666,0.0,0.0,0.0,0.0
320,25,Sweetman,24844.82,1.0,0.0,0.0,4.0,4.0,1.8333333333333333,0.0,0.0,0.0,0.0
321,24,Kromatika Finance,24844.82,7.0,3.0,3.0,13.0,3.0,0.1666666666666666,2281.0,871.0,0.0,0.0
322,21,MultiBaas blockchain middleware,24844.82,28.0,5.0,3.0,107.0,2.0,0.0,0.0,0.0,0.0,0.0
323,19,0xSalman,24790.16,0.0,0.0,0.0,0.0,0.0,0.0,0.0,0.0,0.0,0.0
324,22,Redacted Research,24601.34,0.0,0.0,0.0,0.0,0.0,0.0,0.0,0.0,0.0,0.0
329,31,0xs34n,24357.86,0.0,0.0,0.0,0.0,0.0,0.0,0.0,0.0,0.0,0.0
330,29,Synapse Labs,24357.86,12.0,80.0,28.0,37.0,15.0,4.833333333333333,388604.0,15836.0,0.0,0.0
331,23,Infinity Wallet,24357.86,66.0,23.0,26.0,688.0,8.0,0.1666666666666666,0.0,0.0,0.0,0.0
334,48,ETHAccra,23607.55,0.0,0.0,0.0,0.0,0.0,0.0,0.0,0.0,0.0,0.0
335,47,Bankless DAO,23164.32,41.0,37.0,35.0,140.0,30.0,0.1666666666666666,0.0,0.0,0.0,0.0
340,22,Accessible Education for Web3 Public Goods Changemakers,22116.86,0.0,0.0,0.0,0.0,0.0,0.0,0.0,0.0,0.0,0.0
341,22,Opti.domains | Connecting Web2&3 with ENS + Attestation,22116.86,8.0,1.0,0.0,28.0,2.0,0.5,0.0,0.0,0.0,0.0
343,18,Marko,22116.86,0.0,0.0,0.0,0.0,0.0,0.0,0.0,0.0,0.0,0.0
344,18,Smart Onboarding SDK,22116.86,24.0,0.0,0.0,28.0,6.0,0.1666666666666666,0.0,0.0,0.0,0.0
347,48,HER LATAM _ Optimistas Brillando en Blockchain,21366.55,0.0,0.0,0.0,0.0,0.0,0.0,0.0,0.0,0.0,0.0
349,19,valio.xyz,20551.64,1.0,0.0,0.0,1.0,1.0,0.0,0.0,0.0,0.0,0.0
352,43,Optimism Guide,19875.86,0.0,0.0,0.0,0.0,0.0,0.0,0.0,0.0,0.0,0.0
356,37,SpaghettETH,19875.86,1.0,0.0,0.0,9.0,2.0,0.0,0.0,0.0,0.0,0.0
358,34,Protofire Blockchain Learning Path,19875.86,2.0,959.0,157.0,203.0,21.0,0.5,0.0,0.0,0.0,0.0
361,29,Remix CC,19875.86,16.0,8.0,6.0,21.0,3.0,0.5,0.0,0.0,0.0,0.0
363,27,WakeUp Labs,19875.86,9.0,2.0,1.0,17.0,3.0,0.0,0.0,0.0,0.0,0.0
364,27,1W3,19875.86,3.0,1.0,1.0,2.0,2.0,0.0,6.0,6.0,0.0,0.0
365,27,Yoki Finance,19875.86,2.0,0.0,0.0,4.0,3.0,0.6666666666666666,6.0,6.0,0.0,0.0
366,25,Pin Save - decentralized Pinterest,19875.86,2.0,12.0,7.0,7.0,4.0,0.6666666666666666,1.0,1.0,0.0,0.0
367,25,Parsec Finance,19875.86,0.0,0.0,0.0,0.0,0.0,0.0,0.0,0.0,0.0,0.0
369,23,Titanoboa,19875.86,0.0,0.0,0.0,0.0,0.0,0.0,0.0,0.0,0.0,0.0
370,19,Reno,19875.86,0.0,0.0,0.0,0.0,0.0,0.0,0.0,0.0,0.0,0.0
372,18,Gov,18471.13,2.0,5.0,2.0,2.0,1.0,0.1666666666666666,4.0,4.0,0.0,0.0
373,38,DeFi Africa,18429.39,1.0,0.0,0.0,6.0,6.0,0.0,0.0,0.0,0.0,0.0
374,19,Ivan Molto,18236.1,0.0,0.0,0.0,0.0,0.0,0.0,0.0,0.0,0.0,0.0
376,21,Crypto Sapiens,17888.27,0.0,0.0,0.0,0.0,0.0,0.0,0.0,0.0,0.0,0.0
377,22,Keyring,17715.35,1.0,0.0,0.0,1.0,1.0,0.8333333333333334,0.0,0.0,0.0,0.0
378,24, simple-optimism-node (Maintaining my own fork),17391.37,0.0,0.0,0.0,0.0,0.0,0.0,0.0,0.0,0.0,0.0
382,38,EthereansOS,16894.48,31.0,18.0,11.0,47.0,1.0,0.3333333333333333,0.0,0.0,0.0,0.0
383,30,JobStash,16496.96,2.0,0.0,0.0,6.0,5.0,0.3333333333333333,0.0,0.0,0.0,0.0
386,35,Eth-Volcano,14906.89,0.0,0.0,0.0,0.0,0.0,0.0,0.0,0.0,0.0,0.0
389,33,Rollup Economics Dune Spell,14906.89,0.0,0.0,0.0,0.0,0.0,0.0,0.0,0.0,0.0,0.0
397,25,far.quest,14906.89,0.0,0.0,0.0,0.0,0.0,0.0,0.0,0.0,0.0,0.0
399,19,Kredeum NFTs Factory,14906.89,17.0,14.0,13.0,15.0,3.0,0.8333333333333334,11.0,11.0,0.0,0.0
403,17,RareSkills Book of Zero Knowledge Proofs,12697.69,0.0,0.0,0.0,0.0,0.0,0.0,0.0,0.0,0.0,0.0
406,24,FilosofiaCodigo,12422.41,0.0,0.0,0.0,0.0,0.0,0.0,0.0,0.0,0.0,0.0
408,18,JEFE TOKEN,12422.41,6.0,0.0,0.0,2.0,2.0,0.0,0.0,0.0,0.0,0.0
410,24,zerokn0wledge,11580.67,0.0,0.0,0.0,0.0,0.0,0.0,0.0,0.0,0.0,0.0
414,20,Bankless Publishing,10931.72,0.0,0.0,0.0,0.0,0.0,0.0,0.0,0.0,0.0,0.0
417,28,OurNetwork,10120.79,0.0,0.0,0.0,0.0,0.0,0.0,0.0,0.0,0.0,0.0
422,34,ODTU Blockchain,9937.93,0.0,0.0,0.0,0.0,0.0,0.0,0.0,0.0,0.0,0.0
423,33,jordanmmck,9937.93,0.0,0.0,0.0,0.0,0.0,0.0,0.0,0.0,0.0,0.0
428,31,Andino - Talent in technology,9937.93,0.0,0.0,0.0,0.0,0.0,0.0,0.0,0.0,0.0,0.0
432,30,Rodrigo Nu√±Œûz,9937.93,0.0,0.0,0.0,0.0,0.0,0.0,0.0,0.0,0.0,0.0
436,24,Awesome Optimism,9937.93,1.0,0.0,0.0,4.0,4.0,0.5,0.0,0.0,0.0,0.0
438,22,Layer 2 Weekly Roundup,9937.93,0.0,0.0,0.0,0.0,0.0,0.0,0.0,0.0,0.0,0.0
439,21,Taz,9937.93,0.0,0.0,0.0,0.0,0.0,0.0,0.0,0.0,0.0,0.0
440,20,Learning about OP through Gitcoin Grants,9937.93,0.0,0.0,0.0,0.0,0.0,0.0,0.0,0.0,0.0,0.0
443,18,bh2smith,9937.93,0.0,0.0,0.0,0.0,0.0,0.0,0.0,0.0,0.0,0.0
444,17,Cardo,9937.93,0.0,0.0,0.0,0.0,0.0,0.0,0.0,0.0,0.0,0.0
446,25,CII,8447.24,0.0,0.0,0.0,0.0,0.0,0.0,0.0,0.0,0.0,0.0
448,24,GiveStation (youbuidl),7453.45,4.0,3.0,2.0,6.0,1.0,0.1666666666666666,0.0,0.0,0.0,0.0
456,35,RoOptimism,4968.96,0.0,0.0,0.0,0.0,0.0,0.0,0.0,0.0,0.0,0.0
462,31,Onboard en Per√∫ Optimistas e Indexer ,4968.96,0.0,0.0,0.0,0.0,0.0,0.0,0.0,0.0,0.0,0.0
472,27,Revelo Intel,4968.96,0.0,0.0,0.0,0.0,0.0,0.0,0.0,0.0,0.0,0.0
491,21,Bedrock Contracts Architecture Diagram,4968.96,0.0,0.0,0.0,0.0,0.0,0.0,0.0,0.0,0.0,0.0
492,20,Doris Protocol,4968.96,1.0,0.0,0.0,3.0,3.0,0.0,0.0,0.0,0.0,0.0
504,16,Donate3,0.0,0.0,0.0,0.0,0.0,0.0,0.0,0.0,0.0,0.0,0.0
505,16,DexKit,0.0,26.0,66.0,89.0,15.0,6.0,1.3333333333333333,0.0,0.0,0.0,0.0
506,16,MesoReefDAO,0.0,0.0,0.0,0.0,0.0,0.0,0.0,0.0,0.0,0.0,0.0
511,16,Artemis Analytics,0.0,0.0,0.0,0.0,0.0,0.0,0.0,0.0,0.0,0.0,0.0
514,16,Downstream,0.0,3.0,0.0,0.0,16.0,15.0,5.666666666666667,0.0,0.0,0.0,0.0
516,16,vrypan,0.0,2.0,0.0,0.0,2.0,2.0,0.1666666666666666,0.0,0.0,0.0,0.0
517,16,Ether.actor,0.0,1.0,0.0,0.0,5.0,2.0,0.0,0.0,0.0,0.0,0.0
520,15,APAC DAO,0.0,0.0,0.0,0.0,0.0,0.0,0.0,0.0,0.0,0.0,0.0
521,15,Arkham,0.0,0.0,0.0,0.0,0.0,0.0,0.0,0.0,0.0,0.0,0.0
523,15,Namespace,0.0,0.0,0.0,0.0,0.0,0.0,0.0,0.0,0.0,0.0,0.0
525,15,supernova,0.0,0.0,0.0,0.0,0.0,0.0,0.0,0.0,0.0,0.0,0.0
527,15,Golden Boys (GOLD),0.0,5.0,0.0,0.0,3.0,3.0,0.5,0.0,0.0,0.0,0.0
528,15,Ryan Berckmans,0.0,0.0,0.0,0.0,0.0,0.0,0.0,0.0,0.0,0.0,0.0
529,15,yAcademy/yAudit,0.0,0.0,0.0,0.0,0.0,0.0,0.0,0.0,0.0,0.0,0.0
530,14,arabianhorses,0.0,0.0,0.0,0.0,0.0,0.0,0.0,0.0,0.0,0.0,0.0
531,14,Vue Dapp,0.0,2.0,174.0,46.0,41.0,6.0,0.1666666666666666,0.0,0.0,0.0,0.0
533,14,Gajesh Naik,0.0,0.0,0.0,0.0,0.0,0.0,0.0,0.0,0.0,0.0,0.0
534,14,EIP Fun,0.0,0.0,0.0,0.0,0.0,0.0,0.0,0.0,0.0,0.0,0.0
535,14,Web3Native,0.0,0.0,0.0,0.0,0.0,0.0,0.0,0.0,0.0,0.0,0.0
536,14,Mac Budkowski,0.0,0.0,0.0,0.0,0.0,0.0,0.0,0.0,0.0,0.0,0.0
541,13,BlockchainOAU,0.0,0.0,0.0,0.0,0.0,0.0,0.0,0.0,0.0,0.0,0.0
543,13,ARPA Randcast,0.0,2.0,0.0,0.0,6.0,6.0,2.0,0.0,0.0,0.0,0.0
550,12,UNWA,0.0,0.0,0.0,0.0,0.0,0.0,0.0,0.0,0.0,0.0,0.0
551,12,banterlytics,0.0,0.0,0.0,0.0,0.0,0.0,0.0,0.0,0.0,0.0,0.0
554,12,DevRel Uni,0.0,0.0,0.0,0.0,0.0,0.0,0.0,0.0,0.0,0.0,0.0
555,12,Client Side Proofs,0.0,0.0,0.0,0.0,0.0,0.0,0.0,0.0,0.0,0.0,0.0
559,12,Nodies DLB,0.0,0.0,0.0,0.0,0.0,0.0,0.0,0.0,0.0,0.0,0.0
561,12,Sinjun,0.0,0.0,0.0,0.0,0.0,0.0,0.0,0.0,0.0,0.0,0.0
562,12,Apetimism Launchpad,0.0,0.0,0.0,0.0,0.0,0.0,0.0,0.0,0.0,0.0,0.0
565,12,ERC1155 Bridge,0.0,14.0,0.0,0.0,11.0,4.0,0.1666666666666666,0.0,0.0,0.0,0.0
567,11,r72.fi,0.0,0.0,0.0,0.0,0.0,0.0,0.0,0.0,0.0,0.0,0.0
569,11,zenbit.eth,0.0,0.0,0.0,0.0,0.0,0.0,0.0,0.0,0.0,0.0,0.0
571,11,sunce86,0.0,0.0,0.0,0.0,0.0,0.0,0.0,0.0,0.0,0.0,0.0
572,11,Picodes,0.0,0.0,0.0,0.0,0.0,0.0,0.0,0.0,0.0,0.0,0.0
576,10,BunnyAI,0.0,1.0,0.0,0.0,6.0,6.0,0.8333333333333334,0.0,0.0,0.0,0.0
579,10,Decentraclasses,0.0,0.0,0.0,0.0,0.0,0.0,0.0,0.0,0.0,0.0,0.0
585,9,markg85,0.0,0.0,0.0,0.0,0.0,0.0,0.0,0.0,0.0,0.0,0.0
589,9,Eternal Garden: ORIGINS,0.0,0.0,0.0,0.0,0.0,0.0,0.0,0.0,0.0,0.0,0.0
590,9,jaxcoder,0.0,0.0,0.0,0.0,0.0,0.0,0.0,0.0,0.0,0.0,0.0
592,9,Ivan on Tech,0.0,0.0,0.0,0.0,0.0,0.0,0.0,0.0,0.0,0.0,0.0
594,9,Hope: A Curated AI Assistant for the Optimism Ecosystem,0.0,0.0,0.0,0.0,0.0,0.0,0.0,0.0,0.0,0.0,0.0
595,9,simple8720,0.0,0.0,0.0,0.0,0.0,0.0,0.0,0.0,0.0,0.0,0.0
599,9,Validato,0.0,2.0,0.0,0.0,2.0,2.0,0.0,0.0,0.0,0.0,0.0
600,8,OpTracker,0.0,0.0,0.0,0.0,0.0,0.0,0.0,0.0,0.0,0.0,0.0
604,8,Squirtle0x,0.0,0.0,0.0,0.0,0.0,0.0,0.0,0.0,0.0,0.0,0.0
606,8,CompareNodes,0.0,0.0,0.0,0.0,0.0,0.0,0.0,0.0,0.0,0.0,0.0
610,8,Raiden,0.0,0.0,0.0,0.0,0.0,0.0,0.0,0.0,0.0,0.0,0.0
614,7,Perelyn,0.0,0.0,0.0,0.0,0.0,0.0,0.0,0.0,0.0,0.0,0.0
615,7,Optimism AI,0.0,2.0,0.0,0.0,1.0,1.0,0.1666666666666666,0.0,0.0,0.0,0.0
634,6,Blocktorch,0.0,0.0,0.0,0.0,0.0,0.0,0.0,0.0,0.0,0.0,0.0
637,5,UTU,0.0,0.0,0.0,0.0,0.0,0.0,0.0,0.0,0.0,0.0,0.0
639,4,c2ba,0.0,0.0,0.0,0.0,0.0,0.0,0.0,0.0,0.0,0.0,0.0
640,4,SupraOracles,0.0,0.0,0.0,0.0,0.0,0.0,0.0,0.0,0.0,0.0,0.0
